Date/Time;Electricity:Facility [kW](Hourly);Heating:Electricity [kW](Hourly);Cooling:Electricity [kW](Hourly);HVACFan:Fans:Electricity [kW](Hourly);Electricity:HVAC [kW](Hourly);General:InteriorLights:Electricity [kW](Hourly);General:ExteriorLights:Electricity [kW](Hourly);Appl:InteriorEquipment:Electricity [kW](Hourly);Misc:InteriorEquipment:Electricity [kW](Hourly);;;;
 07/21  01:00:00;0.56;0.00;0.08;0.03;0.11;0.08;0.02;0.08;0.27;;;;
 07/21  02:00:00;0.41;0.00;0.01;0.00;0.01;0.05;0.01;0.07;0.26;;;;
 07/21  03:00:00;0.50;0.00;0.08;0.03;0.12;0.05;0.01;0.06;0.26;;;;
 07/21  04:00:00;0.48;0.00;0.07;0.03;0.09;0.05;0.01;0.07;0.25;;;;
 07/21  05:00:00;0.51;0.00;0.05;0.02;0.08;0.05;0.01;0.09;0.28;;;;
 07/21  06:00:00;0.66;0.00;0.08;0.03;0.11;0.07;0.02;0.14;0.32;;;;
 07/21  07:00:00;0.71;0.00;0.01;0.00;0.01;0.12;0.03;0.21;0.34;;;;
 07/21  08:00:00;0.82;0.00;0.11;0.04;0.15;0.09;0.02;0.27;0.29;;;;
 07/21  09:00:00;0.95;0.00;0.23;0.08;0.31;0.05;0.01;0.33;0.25;;;;
 07/21  10:00:00;1.15;0.00;0.38;0.13;0.50;0.04;0.01;0.35;0.25;;;;
 07/21  11:00:00;1.26;0.00;0.45;0.15;0.60;0.04;0.01;0.36;0.25;;;;
 07/21  12:00:00;1.46;0.00;0.61;0.19;0.80;0.04;0.01;0.35;0.25;;;;
 07/21  13:00:00;1.64;0.00;0.77;0.23;1.01;0.04;0.01;0.32;0.26;;;;
 07/21  14:00:00;1.83;0.00;0.93;0.28;1.21;0.04;0.01;0.29;0.27;;;;
 07/21  15:00:00;2.12;0.00;1.14;0.33;1.48;0.04;0.01;0.30;0.29;;;;
 07/21  16:00:00;2.37;0.00;1.26;0.36;1.63;0.05;0.01;0.34;0.34;;;;
 07/21  17:00:00;2.79;0.00;1.47;0.42;1.89;0.05;0.01;0.42;0.41;;;;
 07/21  18:00:00;2.67;0.00;1.34;0.40;1.74;0.09;0.02;0.38;0.45;;;;
 07/21  19:00:00;2.45;0.00;1.12;0.35;1.47;0.16;0.03;0.32;0.46;;;;
 07/21  20:00:00;2.21;0.00;0.81;0.28;1.09;0.29;0.06;0.28;0.48;;;;
 07/21  21:00:00;2.05;0.00;0.59;0.21;0.80;0.43;0.09;0.27;0.47;;;;
 07/21  22:00:00;1.72;0.00;0.49;0.18;0.67;0.36;0.07;0.22;0.40;;;;
 07/21  23:00:00;1.13;0.00;0.24;0.09;0.33;0.25;0.05;0.15;0.35;;;;
 07/21  24:00:00;0.71;0.00;0.12;0.04;0.16;0.13;0.03;0.10;0.29;;;;
 07/22  01:00:00;0.68;0.00;0.17;0.06;0.23;0.08;0.02;0.09;0.27;;;;
 07/22  02:00:00;0.56;0.00;0.12;0.05;0.16;0.05;0.01;0.07;0.26;;;;
 07/22  03:00:00;0.49;0.00;0.07;0.03;0.10;0.05;0.01;0.07;0.26;;;;
 07/22  04:00:00;0.45;0.00;0.04;0.02;0.06;0.05;0.01;0.08;0.25;;;;
 07/22  05:00:00;0.48;0.00;0.03;0.01;0.04;0.05;0.01;0.09;0.28;;;;
 07/22  06:00:00;0.56;0.00;0.00;0.00;0.00;0.07;0.02;0.15;0.32;;;;
 07/22  07:00:00;0.84;0.00;0.09;0.03;0.12;0.12;0.03;0.23;0.34;;;;
 07/22  08:00:00;0.87;0.00;0.12;0.04;0.16;0.09;0.02;0.30;0.29;;;;
 07/22  09:00:00;0.94;0.00;0.19;0.07;0.26;0.05;0.01;0.38;0.25;;;;
 07/22  10:00:00;1.17;0.00;0.35;0.12;0.46;0.04;0.01;0.40;0.25;;;;
 07/22  11:00:00;1.27;0.00;0.41;0.14;0.55;0.04;0.01;0.41;0.25;;;;
 07/22  12:00:00;1.41;0.00;0.54;0.17;0.71;0.04;0.01;0.40;0.25;;;;
 07/22  13:00:00;1.56;0.00;0.68;0.21;0.89;0.04;0.01;0.36;0.26;;;;
 07/22  14:00:00;1.77;0.00;0.85;0.26;1.11;0.04;0.01;0.33;0.27;;;;
 07/22  15:00:00;2.03;0.00;1.04;0.31;1.35;0.04;0.01;0.34;0.29;;;;
 07/22  16:00:00;2.30;0.00;1.18;0.34;1.52;0.05;0.01;0.38;0.34;;;;
 07/22  17:00:00;2.67;0.00;1.34;0.40;1.73;0.05;0.01;0.46;0.41;;;;
 07/22  18:00:00;2.59;0.00;1.25;0.37;1.62;0.09;0.02;0.42;0.45;;;;
 07/22  19:00:00;2.40;0.00;1.05;0.33;1.39;0.16;0.03;0.35;0.46;;;;
 07/22  20:00:00;2.16;0.00;0.74;0.26;1.01;0.29;0.06;0.32;0.48;;;;
 07/22  21:00:00;2.08;0.00;0.58;0.21;0.79;0.43;0.09;0.30;0.47;;;;
 07/22  22:00:00;1.69;0.00;0.45;0.17;0.62;0.36;0.07;0.24;0.40;;;;
 07/22  23:00:00;1.28;0.00;0.34;0.13;0.47;0.25;0.05;0.16;0.35;;;;
 07/22  24:00:00;0.85;0.00;0.22;0.08;0.30;0.13;0.03;0.10;0.29;;;;
 07/23  01:00:00;0.67;0.00;0.16;0.06;0.22;0.08;0.02;0.09;0.27;;;;
 07/23  02:00:00;0.53;0.00;0.09;0.04;0.13;0.05;0.01;0.07;0.26;;;;
 07/23  03:00:00;0.46;0.00;0.05;0.02;0.07;0.05;0.01;0.07;0.26;;;;
 07/23  04:00:00;0.40;0.00;0.01;0.00;0.02;0.05;0.01;0.08;0.25;;;;
 07/23  05:00:00;0.44;0.00;0.00;0.00;0.00;0.05;0.01;0.09;0.28;;;;
 07/23  06:00:00;0.56;0.00;0.00;0.00;0.00;0.07;0.02;0.15;0.32;;;;
 07/23  07:00:00;0.79;0.00;0.05;0.02;0.07;0.12;0.03;0.23;0.34;;;;
 07/23  08:00:00;0.81;0.00;0.08;0.03;0.10;0.09;0.02;0.30;0.29;;;;
 07/23  09:00:00;0.90;0.00;0.16;0.06;0.22;0.05;0.01;0.38;0.25;;;;
 07/23  10:00:00;1.03;0.00;0.24;0.08;0.33;0.04;0.01;0.40;0.25;;;;
 07/23  11:00:00;1.20;0.00;0.36;0.12;0.48;0.04;0.01;0.41;0.25;;;;
 07/23  12:00:00;1.34;0.00;0.48;0.16;0.64;0.04;0.01;0.40;0.25;;;;
 07/23  13:00:00;1.52;0.00;0.65;0.20;0.85;0.04;0.01;0.36;0.26;;;;
 07/23  14:00:00;1.70;0.00;0.80;0.25;1.04;0.04;0.01;0.33;0.27;;;;
 07/23  15:00:00;1.99;0.00;1.01;0.30;1.31;0.04;0.01;0.34;0.29;;;;
 07/23  16:00:00;2.21;0.00;1.10;0.33;1.43;0.05;0.01;0.38;0.34;;;;
 07/23  17:00:00;2.60;0.00;1.28;0.38;1.67;0.05;0.01;0.46;0.41;;;;
 07/23  18:00:00;2.52;0.00;1.19;0.36;1.55;0.09;0.02;0.42;0.45;;;;
 07/23  19:00:00;2.34;0.00;1.01;0.32;1.33;0.16;0.03;0.35;0.46;;;;
 07/23  20:00:00;2.18;0.00;0.76;0.26;1.03;0.29;0.06;0.32;0.48;;;;
 07/23  21:00:00;2.10;0.00;0.60;0.21;0.82;0.43;0.09;0.30;0.47;;;;
 07/23  22:00:00;1.73;0.00;0.48;0.17;0.65;0.36;0.07;0.24;0.40;;;;
 07/23  23:00:00;1.31;0.00;0.36;0.13;0.49;0.25;0.05;0.16;0.35;;;;
 07/23  24:00:00;0.95;0.00;0.29;0.10;0.40;0.13;0.03;0.10;0.29;;;;
 07/24  01:00:00;0.50;0.00;0.04;0.02;0.06;0.08;0.02;0.08;0.27;;;;
 07/24  02:00:00;0.40;0.00;0.00;0.00;0.00;0.05;0.01;0.07;0.26;;;;
 07/24  03:00:00;0.39;0.00;0.00;0.00;0.00;0.05;0.01;0.06;0.26;;;;
 07/24  04:00:00;0.41;0.00;0.01;0.01;0.02;0.05;0.01;0.07;0.25;;;;
 07/24  05:00:00;0.44;0.00;0.01;0.00;0.01;0.05;0.01;0.09;0.28;;;;
 07/24  06:00:00;0.55;0.00;0.00;0.00;0.00;0.07;0.02;0.14;0.32;;;;
 07/24  07:00:00;0.70;0.00;0.00;0.00;0.00;0.12;0.03;0.21;0.34;;;;
 07/24  08:00:00;0.68;0.00;0.00;0.00;0.00;0.09;0.02;0.27;0.29;;;;
 07/24  09:00:00;0.86;0.00;0.16;0.06;0.22;0.05;0.01;0.33;0.25;;;;
 07/24  10:00:00;1.07;0.00;0.31;0.10;0.42;0.04;0.01;0.35;0.25;;;;
 07/24  11:00:00;1.20;0.00;0.40;0.13;0.53;0.04;0.01;0.36;0.25;;;;
 07/24  12:00:00;1.35;0.00;0.54;0.17;0.70;0.04;0.01;0.35;0.25;;;;
 07/24  13:00:00;1.56;0.00;0.72;0.22;0.93;0.04;0.01;0.32;0.26;;;;
 07/24  14:00:00;1.80;0.00;0.91;0.27;1.18;0.04;0.01;0.29;0.27;;;;
 07/24  15:00:00;2.08;0.00;1.11;0.33;1.44;0.04;0.01;0.30;0.29;;;;
 07/24  16:00:00;2.32;0.00;1.23;0.36;1.58;0.05;0.01;0.34;0.34;;;;
 07/24  17:00:00;2.73;0.00;1.42;0.42;1.84;0.05;0.01;0.42;0.41;;;;
 07/24  18:00:00;2.61;0.00;1.29;0.39;1.67;0.09;0.02;0.38;0.45;;;;
 07/24  19:00:00;2.42;0.00;1.10;0.34;1.45;0.16;0.03;0.32;0.46;;;;
 07/24  20:00:00;2.22;0.00;0.82;0.28;1.10;0.29;0.06;0.28;0.48;;;;
 07/24  21:00:00;2.15;0.00;0.67;0.23;0.90;0.43;0.09;0.27;0.47;;;;
 07/24  22:00:00;1.66;0.00;0.45;0.16;0.61;0.36;0.07;0.22;0.40;;;;
 07/24  23:00:00;1.12;0.00;0.24;0.09;0.33;0.25;0.05;0.15;0.35;;;;
 07/24  24:00:00;0.95;0.00;0.30;0.10;0.40;0.13;0.03;0.10;0.29;;;;
 07/25  01:00:00;0.71;0.00;0.20;0.07;0.27;0.08;0.02;0.08;0.27;;;;
 07/25  02:00:00;0.57;0.00;0.13;0.05;0.17;0.05;0.01;0.07;0.26;;;;
 07/25  03:00:00;0.49;0.00;0.07;0.03;0.10;0.05;0.01;0.06;0.26;;;;
 07/25  04:00:00;0.45;0.00;0.04;0.02;0.06;0.05;0.01;0.07;0.25;;;;
 07/25  05:00:00;0.48;0.00;0.03;0.01;0.05;0.05;0.01;0.09;0.28;;;;
 07/25  06:00:00;0.55;0.00;0.00;0.00;0.00;0.07;0.02;0.14;0.32;;;;
 07/25  07:00:00;0.81;0.00;0.08;0.03;0.11;0.12;0.03;0.21;0.34;;;;
 07/25  08:00:00;0.82;0.00;0.11;0.04;0.15;0.09;0.02;0.27;0.29;;;;
 07/25  09:00:00;0.91;0.00;0.20;0.07;0.27;0.05;0.01;0.33;0.25;;;;
 07/25  10:00:00;1.08;0.00;0.32;0.11;0.43;0.04;0.01;0.35;0.25;;;;
 07/25  11:00:00;1.22;0.00;0.42;0.13;0.55;0.04;0.01;0.36;0.25;;;;
 07/25  12:00:00;1.41;0.00;0.58;0.18;0.76;0.04;0.01;0.35;0.25;;;;
 07/25  13:00:00;1.63;0.00;0.77;0.23;1.00;0.04;0.01;0.32;0.26;;;;
 07/25  14:00:00;1.87;0.00;0.97;0.28;1.25;0.04;0.01;0.29;0.27;;;;
 07/25  15:00:00;2.12;0.00;1.15;0.34;1.48;0.04;0.01;0.30;0.29;;;;
 07/25  16:00:00;2.38;0.00;1.27;0.37;1.64;0.05;0.01;0.34;0.34;;;;
 07/25  17:00:00;2.79;0.00;1.47;0.42;1.89;0.05;0.01;0.42;0.41;;;;
 07/25  18:00:00;2.66;0.00;1.33;0.39;1.73;0.09;0.02;0.38;0.45;;;;
 07/25  19:00:00;2.44;0.00;1.12;0.35;1.47;0.16;0.03;0.32;0.46;;;;
 07/25  20:00:00;2.23;0.00;0.83;0.28;1.11;0.29;0.06;0.28;0.48;;;;
 07/25  21:00:00;2.17;0.00;0.68;0.24;0.92;0.43;0.09;0.27;0.47;;;;
 07/25  22:00:00;1.80;0.00;0.55;0.20;0.75;0.36;0.07;0.22;0.40;;;;
 07/25  23:00:00;1.38;0.00;0.43;0.15;0.58;0.25;0.05;0.15;0.35;;;;
 07/25  24:00:00;0.97;0.00;0.31;0.11;0.42;0.13;0.03;0.10;0.29;;;;
 07/26  01:00:00;0.67;0.00;0.16;0.06;0.22;0.08;0.02;0.08;0.27;;;;
 07/26  02:00:00;0.45;0.00;0.03;0.01;0.05;0.05;0.01;0.07;0.26;;;;
 07/26  03:00:00;0.39;0.00;0.00;0.00;0.00;0.05;0.01;0.06;0.26;;;;
 07/26  04:00:00;0.45;0.00;0.05;0.02;0.07;0.05;0.01;0.07;0.25;;;;
 07/26  05:00:00;0.52;0.00;0.06;0.02;0.08;0.05;0.01;0.09;0.28;;;;
 07/26  06:00:00;0.60;0.00;0.04;0.01;0.05;0.07;0.02;0.14;0.32;;;;
 07/26  07:00:00;0.70;0.00;0.00;0.00;0.00;0.12;0.03;0.21;0.34;;;;
 07/26  08:00:00;0.85;0.00;0.13;0.05;0.17;0.09;0.02;0.27;0.29;;;;
 07/26  09:00:00;0.98;0.00;0.25;0.08;0.34;0.05;0.01;0.33;0.25;;;;
 07/26  10:00:00;1.23;0.00;0.44;0.14;0.58;0.04;0.01;0.35;0.25;;;;
 07/26  11:00:00;1.38;0.00;0.55;0.17;0.71;0.04;0.01;0.36;0.25;;;;
 07/26  12:00:00;1.57;0.00;0.71;0.21;0.92;0.04;0.01;0.35;0.25;;;;
 07/26  13:00:00;1.78;0.00;0.89;0.26;1.15;0.04;0.01;0.32;0.26;;;;
 07/26  14:00:00;2.04;0.00;1.11;0.31;1.42;0.04;0.01;0.29;0.27;;;;
 07/26  15:00:00;2.33;0.00;1.32;0.37;1.69;0.04;0.01;0.30;0.29;;;;
 07/26  16:00:00;2.61;0.00;1.47;0.41;1.87;0.05;0.01;0.34;0.34;;;;
 07/26  17:00:00;3.07;0.00;1.70;0.47;2.17;0.05;0.01;0.42;0.41;;;;
 07/26  18:00:00;2.94;0.00;1.56;0.44;2.01;0.09;0.02;0.38;0.45;;;;
 07/26  19:00:00;2.73;0.00;1.35;0.40;1.75;0.16;0.03;0.32;0.46;;;;
 07/26  20:00:00;2.49;0.00;1.04;0.34;1.37;0.29;0.06;0.28;0.48;;;;
 07/26  21:00:00;2.39;0.00;0.86;0.28;1.14;0.43;0.09;0.27;0.47;;;;
 07/26  22:00:00;2.10;0.00;0.79;0.25;1.05;0.36;0.07;0.22;0.40;;;;
 07/26  23:00:00;1.69;0.00;0.68;0.22;0.90;0.25;0.05;0.15;0.35;;;;
 07/26  24:00:00;1.26;0.00;0.54;0.18;0.72;0.13;0.03;0.10;0.29;;;;
 07/27  01:00:00;1.03;0.00;0.44;0.15;0.59;0.08;0.02;0.08;0.27;;;;
 07/27  02:00:00;0.86;0.00;0.34;0.12;0.46;0.05;0.01;0.07;0.26;;;;
 07/27  03:00:00;0.75;0.00;0.27;0.09;0.36;0.05;0.01;0.06;0.26;;;;
 07/27  04:00:00;0.72;0.00;0.25;0.09;0.34;0.05;0.01;0.07;0.25;;;;
 07/27  05:00:00;0.74;0.00;0.23;0.08;0.31;0.05;0.01;0.09;0.28;;;;
 07/27  06:00:00;0.89;0.00;0.25;0.09;0.34;0.07;0.02;0.14;0.32;;;;
 07/27  07:00:00;1.10;0.00;0.30;0.10;0.40;0.12;0.03;0.21;0.34;;;;
 07/27  08:00:00;1.17;0.00;0.37;0.12;0.49;0.09;0.02;0.27;0.29;;;;
 07/27  09:00:00;1.39;0.00;0.58;0.17;0.75;0.05;0.01;0.33;0.25;;;;
 07/27  10:00:00;1.81;0.00;0.90;0.26;1.16;0.04;0.01;0.35;0.25;;;;
 07/27  11:00:00;1.96;0.00;1.02;0.28;1.30;0.04;0.01;0.36;0.25;;;;
 07/27  12:00:00;2.20;0.00;1.22;0.33;1.55;0.04;0.01;0.35;0.25;;;;
 07/27  13:00:00;2.43;0.00;1.42;0.38;1.80;0.04;0.01;0.32;0.26;;;;
 07/27  14:00:00;2.80;0.00;1.74;0.45;2.18;0.04;0.01;0.29;0.27;;;;
 07/27  15:00:00;3.13;0.00;1.99;0.50;2.49;0.04;0.01;0.30;0.29;;;;
 07/27  16:00:00;3.44;0.00;2.16;0.54;2.70;0.05;0.01;0.34;0.34;;;;
 07/27  17:00:00;3.94;0.00;2.43;0.61;3.04;0.05;0.01;0.42;0.41;;;;
 07/27  18:00:00;3.81;0.00;2.30;0.58;2.88;0.09;0.02;0.38;0.45;;;;
 07/27  19:00:00;3.32;0.00;1.83;0.51;2.34;0.16;0.03;0.32;0.46;;;;
 07/27  20:00:00;3.00;0.00;1.45;0.43;1.88;0.29;0.06;0.28;0.48;;;;
 07/27  21:00:00;2.81;0.00;1.19;0.37;1.56;0.43;0.09;0.27;0.47;;;;
 07/27  22:00:00;2.27;0.00;0.92;0.30;1.22;0.36;0.07;0.22;0.40;;;;
 07/27  23:00:00;1.83;0.00;0.79;0.25;1.04;0.25;0.05;0.15;0.35;;;;
 07/27  24:00:00;1.42;0.00;0.66;0.21;0.87;0.13;0.03;0.10;0.29;;;;
 07/28  01:00:00;1.20;0.00;0.58;0.18;0.76;0.08;0.02;0.08;0.27;;;;
 07/28  02:00:00;1.03;0.00;0.48;0.16;0.63;0.05;0.01;0.07;0.26;;;;
 07/28  03:00:00;0.92;0.00;0.40;0.13;0.54;0.05;0.01;0.06;0.26;;;;
 07/28  04:00:00;0.81;0.00;0.32;0.11;0.43;0.05;0.01;0.07;0.25;;;;
 07/28  05:00:00;0.83;0.00;0.29;0.10;0.40;0.05;0.01;0.09;0.28;;;;
 07/28  06:00:00;0.97;0.00;0.31;0.11;0.42;0.07;0.02;0.14;0.32;;;;
 07/28  07:00:00;1.22;0.00;0.39;0.13;0.52;0.12;0.03;0.21;0.34;;;;
 07/28  08:00:00;1.25;0.00;0.44;0.14;0.58;0.09;0.02;0.27;0.29;;;;
 07/28  09:00:00;1.42;0.00;0.60;0.18;0.78;0.05;0.01;0.33;0.25;;;;
 07/28  10:00:00;1.82;0.00;0.91;0.26;1.17;0.04;0.01;0.35;0.25;;;;
 07/28  11:00:00;1.99;0.00;1.04;0.29;1.33;0.04;0.01;0.36;0.25;;;;
 07/28  12:00:00;2.26;0.00;1.27;0.34;1.61;0.04;0.01;0.35;0.25;;;;
 07/28  13:00:00;2.56;0.00;1.53;0.40;1.93;0.04;0.01;0.32;0.26;;;;
 07/28  14:00:00;2.82;0.00;1.75;0.45;2.21;0.04;0.01;0.29;0.27;;;;
 07/28  15:00:00;3.18;0.00;2.03;0.51;2.54;0.04;0.01;0.30;0.29;;;;
 07/28  16:00:00;3.56;0.00;2.27;0.56;2.83;0.05;0.01;0.34;0.34;;;;
 07/28  17:00:00;4.02;0.00;2.50;0.61;3.12;0.05;0.01;0.42;0.41;;;;
 07/28  18:00:00;4.04;0.00;2.49;0.61;3.11;0.09;0.02;0.38;0.45;;;;
 07/28  19:00:00;3.48;0.00;1.97;0.54;2.51;0.16;0.03;0.32;0.46;;;;
 07/28  20:00:00;3.01;0.00;1.45;0.44;1.89;0.29;0.06;0.28;0.48;;;;
 07/28  21:00:00;2.89;0.00;1.26;0.38;1.65;0.43;0.09;0.27;0.47;;;;
 07/28  22:00:00;2.40;0.00;1.03;0.32;1.35;0.36;0.07;0.22;0.40;;;;
 07/28  23:00:00;1.88;0.00;0.82;0.26;1.08;0.25;0.05;0.15;0.35;;;;
 07/28  24:00:00;1.38;0.00;0.63;0.21;0.84;0.13;0.03;0.10;0.29;;;;
 07/29  01:00:00;1.10;0.00;0.49;0.17;0.65;0.08;0.02;0.09;0.27;;;;
 07/29  02:00:00;0.92;0.00;0.38;0.13;0.52;0.05;0.01;0.07;0.26;;;;
 07/29  03:00:00;0.77;0.00;0.28;0.10;0.39;0.05;0.01;0.07;0.26;;;;
 07/29  04:00:00;0.68;0.00;0.21;0.08;0.29;0.05;0.01;0.08;0.25;;;;
 07/29  05:00:00;0.67;0.00;0.17;0.06;0.24;0.05;0.01;0.09;0.28;;;;
 07/29  06:00:00;0.76;0.00;0.15;0.06;0.20;0.07;0.02;0.15;0.32;;;;
 07/29  07:00:00;1.02;0.00;0.22;0.08;0.30;0.12;0.03;0.23;0.34;;;;
 07/29  08:00:00;1.04;0.00;0.25;0.09;0.33;0.09;0.02;0.30;0.29;;;;
 07/29  09:00:00;1.16;0.00;0.36;0.12;0.48;0.05;0.01;0.38;0.25;;;;
 07/29  10:00:00;1.41;0.00;0.53;0.17;0.71;0.04;0.01;0.40;0.25;;;;
 07/29  11:00:00;1.48;0.00;0.58;0.18;0.76;0.04;0.01;0.41;0.25;;;;
 07/29  12:00:00;1.66;0.00;0.74;0.22;0.96;0.04;0.01;0.40;0.25;;;;
 07/29  13:00:00;1.85;0.00;0.91;0.27;1.18;0.04;0.01;0.36;0.26;;;;
 07/29  14:00:00;2.07;0.00;1.09;0.32;1.41;0.04;0.01;0.33;0.27;;;;
 07/29  15:00:00;2.38;0.00;1.33;0.38;1.71;0.04;0.01;0.34;0.29;;;;
 07/29  16:00:00;2.60;0.00;1.42;0.41;1.83;0.05;0.01;0.38;0.34;;;;
 07/29  17:00:00;2.99;0.00;1.60;0.46;2.06;0.05;0.01;0.46;0.41;;;;
 07/29  18:00:00;2.83;0.00;1.44;0.43;1.86;0.09;0.02;0.42;0.45;;;;
 07/29  19:00:00;2.62;0.00;1.23;0.38;1.61;0.16;0.03;0.35;0.46;;;;
 07/29  20:00:00;2.37;0.00;0.91;0.31;1.22;0.29;0.06;0.32;0.48;;;;
 07/29  21:00:00;2.32;0.00;0.77;0.26;1.04;0.43;0.09;0.30;0.47;;;;
 07/29  22:00:00;1.96;0.00;0.65;0.22;0.88;0.36;0.07;0.24;0.40;;;;
 07/29  23:00:00;1.55;0.00;0.55;0.19;0.74;0.25;0.05;0.16;0.35;;;;
 07/29  24:00:00;1.11;0.00;0.41;0.14;0.56;0.13;0.03;0.10;0.29;;;;
 07/30  01:00:00;0.92;0.00;0.35;0.12;0.47;0.08;0.02;0.09;0.27;;;;
 07/30  02:00:00;0.78;0.00;0.28;0.10;0.38;0.05;0.01;0.07;0.26;;;;
 07/30  03:00:00;0.69;0.00;0.22;0.08;0.30;0.05;0.01;0.07;0.26;;;;
 07/30  04:00:00;0.64;0.00;0.18;0.07;0.25;0.05;0.01;0.08;0.25;;;;
 07/30  05:00:00;0.67;0.00;0.17;0.06;0.23;0.05;0.01;0.09;0.28;;;;
 07/30  06:00:00;0.83;0.00;0.19;0.07;0.27;0.07;0.02;0.15;0.32;;;;
 07/30  07:00:00;1.03;0.00;0.23;0.08;0.31;0.12;0.03;0.23;0.34;;;;
 07/30  08:00:00;1.06;0.00;0.27;0.09;0.36;0.09;0.02;0.30;0.29;;;;
 07/30  09:00:00;1.19;0.00;0.38;0.12;0.50;0.05;0.01;0.38;0.25;;;;
 07/30  10:00:00;1.51;0.00;0.61;0.19;0.81;0.04;0.01;0.40;0.25;;;;
 07/30  11:00:00;1.63;0.00;0.70;0.21;0.91;0.04;0.01;0.41;0.25;;;;
 07/30  12:00:00;1.80;0.00;0.85;0.25;1.10;0.04;0.01;0.40;0.25;;;;
 07/30  13:00:00;2.04;0.00;1.07;0.30;1.37;0.04;0.01;0.36;0.26;;;;
 07/30  14:00:00;2.29;0.00;1.27;0.35;1.63;0.04;0.01;0.33;0.27;;;;
 07/30  15:00:00;2.59;0.00;1.50;0.41;1.91;0.04;0.01;0.34;0.29;;;;
 07/30  16:00:00;2.83;0.00;1.61;0.44;2.06;0.05;0.01;0.38;0.34;;;;
 07/30  17:00:00;3.26;0.00;1.82;0.51;2.32;0.05;0.01;0.46;0.41;;;;
 07/30  18:00:00;3.12;0.00;1.68;0.47;2.15;0.09;0.02;0.42;0.45;;;;
 07/30  19:00:00;2.87;0.00;1.44;0.42;1.86;0.16;0.03;0.35;0.46;;;;
 07/30  20:00:00;2.57;0.00;1.07;0.35;1.42;0.29;0.06;0.32;0.48;;;;
 07/30  21:00:00;2.51;0.00;0.92;0.30;1.22;0.43;0.09;0.30;0.47;;;;
 07/30  22:00:00;2.17;0.00;0.83;0.26;1.10;0.36;0.07;0.24;0.40;;;;
 07/30  23:00:00;1.73;0.00;0.69;0.22;0.91;0.25;0.05;0.16;0.35;;;;
 07/30  24:00:00;1.30;0.00;0.56;0.18;0.75;0.13;0.03;0.10;0.29;;;;
 07/31  01:00:00;1.03;0.00;0.44;0.15;0.59;0.08;0.02;0.08;0.27;;;;
 07/31  02:00:00;0.80;0.00;0.29;0.10;0.40;0.05;0.01;0.07;0.26;;;;
 07/31  03:00:00;0.76;0.00;0.27;0.10;0.37;0.05;0.01;0.06;0.26;;;;
 07/31  04:00:00;0.75;0.00;0.27;0.09;0.37;0.05;0.01;0.07;0.25;;;;
 07/31  05:00:00;0.71;0.00;0.20;0.07;0.28;0.05;0.01;0.09;0.28;;;;
 07/31  06:00:00;0.91;0.00;0.27;0.09;0.36;0.07;0.02;0.14;0.32;;;;
 07/31  07:00:00;1.12;0.00;0.31;0.10;0.41;0.12;0.03;0.21;0.34;;;;
 07/31  08:00:00;1.16;0.00;0.37;0.12;0.49;0.09;0.02;0.27;0.29;;;;
 07/31  09:00:00;1.38;0.00;0.57;0.17;0.74;0.05;0.01;0.33;0.25;;;;
 07/31  10:00:00;1.81;0.00;0.90;0.26;1.16;0.04;0.01;0.35;0.25;;;;
 07/31  11:00:00;1.93;0.00;0.99;0.28;1.26;0.04;0.01;0.36;0.25;;;;
 07/31  12:00:00;2.22;0.00;1.24;0.33;1.57;0.04;0.01;0.35;0.25;;;;
 07/31  13:00:00;2.46;0.00;1.45;0.38;1.83;0.04;0.01;0.32;0.26;;;;
 07/31  14:00:00;2.75;0.00;1.69;0.44;2.13;0.04;0.01;0.29;0.27;;;;
 07/31  15:00:00;3.13;0.00;1.99;0.50;2.49;0.04;0.01;0.30;0.29;;;;
 07/31  16:00:00;3.45;0.00;2.17;0.54;2.71;0.05;0.01;0.34;0.34;;;;
 07/31  17:00:00;3.90;0.00;2.39;0.61;3.01;0.05;0.01;0.42;0.41;;;;
 07/31  18:00:00;3.64;0.00;2.14;0.57;2.71;0.09;0.02;0.38;0.45;;;;
 07/31  19:00:00;3.16;0.00;1.69;0.49;2.18;0.16;0.03;0.32;0.46;;;;
 07/31  20:00:00;2.72;0.00;1.21;0.39;1.61;0.29;0.06;0.28;0.48;;;;
 07/31  21:00:00;2.53;0.00;0.96;0.32;1.28;0.43;0.09;0.27;0.47;;;;
 07/31  22:00:00;2.07;0.00;0.76;0.26;1.02;0.36;0.07;0.22;0.40;;;;
 07/31  23:00:00;1.58;0.00;0.58;0.20;0.78;0.25;0.05;0.15;0.35;;;;
 07/31  24:00:00;1.05;0.00;0.38;0.13;0.51;0.13;0.03;0.10;0.29;;;;
 08/01  01:00:00;0.86;0.00;0.31;0.11;0.42;0.08;0.02;0.08;0.27;;;;
 08/01  02:00:00;0.71;0.00;0.23;0.08;0.31;0.05;0.01;0.07;0.26;;;;
 08/01  03:00:00;0.61;0.00;0.16;0.06;0.23;0.05;0.01;0.06;0.26;;;;
 08/01  04:00:00;0.54;0.00;0.11;0.04;0.15;0.05;0.01;0.07;0.25;;;;
 08/01  05:00:00;0.57;0.00;0.10;0.04;0.13;0.05;0.01;0.09;0.28;;;;
 08/01  06:00:00;0.73;0.00;0.12;0.04;0.16;0.09;0.02;0.14;0.32;;;;
 08/01  07:00:00;0.99;0.00;0.19;0.07;0.25;0.15;0.03;0.21;0.34;;;;
 08/01  08:00:00;1.03;0.00;0.24;0.08;0.32;0.12;0.02;0.27;0.29;;;;
 08/01  09:00:00;1.16;0.00;0.39;0.12;0.51;0.06;0.01;0.33;0.25;;;;
 08/01  10:00:00;1.57;0.00;0.70;0.21;0.91;0.05;0.01;0.35;0.25;;;;
 08/01  11:00:00;1.70;0.00;0.80;0.23;1.03;0.05;0.01;0.36;0.25;;;;
 08/01  12:00:00;1.99;0.00;1.05;0.28;1.34;0.05;0.01;0.35;0.25;;;;
 08/01  13:00:00;2.34;0.00;1.35;0.35;1.71;0.05;0.01;0.32;0.26;;;;
 08/01  14:00:00;2.73;0.00;1.68;0.43;2.10;0.05;0.01;0.29;0.27;;;;
 08/01  15:00:00;3.18;0.00;2.03;0.50;2.53;0.05;0.01;0.30;0.29;;;;
 08/01  16:00:00;3.46;0.00;2.17;0.54;2.72;0.05;0.01;0.34;0.34;;;;
 08/01  17:00:00;3.95;0.00;2.42;0.61;3.04;0.07;0.01;0.42;0.41;;;;
 08/01  18:00:00;3.66;0.00;2.13;0.56;2.69;0.11;0.02;0.38;0.45;;;;
 08/01  19:00:00;3.13;0.00;1.62;0.47;2.09;0.22;0.04;0.32;0.46;;;;
 08/01  20:00:00;2.82;0.00;1.23;0.39;1.62;0.37;0.08;0.28;0.48;;;;
 08/01  21:00:00;2.59;0.00;0.97;0.32;1.29;0.47;0.10;0.27;0.47;;;;
 08/01  22:00:00;2.08;0.00;0.78;0.26;1.03;0.35;0.07;0.22;0.40;;;;
 08/01  23:00:00;1.63;0.00;0.62;0.21;0.83;0.25;0.05;0.15;0.35;;;;
 08/01  24:00:00;1.18;0.00;0.47;0.16;0.64;0.13;0.03;0.10;0.29;;;;
 08/02  01:00:00;0.88;0.00;0.32;0.12;0.44;0.08;0.02;0.08;0.27;;;;
 08/02  02:00:00;0.81;0.00;0.30;0.11;0.41;0.05;0.01;0.07;0.26;;;;
 08/02  03:00:00;0.59;0.00;0.15;0.06;0.21;0.05;0.01;0.06;0.26;;;;
 08/02  04:00:00;0.54;0.00;0.11;0.04;0.15;0.05;0.01;0.07;0.25;;;;
 08/02  05:00:00;0.47;0.00;0.03;0.01;0.04;0.05;0.01;0.09;0.28;;;;
 08/02  06:00:00;0.59;0.00;0.02;0.01;0.03;0.09;0.02;0.14;0.32;;;;
 08/02  07:00:00;1.01;0.00;0.20;0.07;0.27;0.15;0.03;0.21;0.34;;;;
 08/02  08:00:00;1.08;0.00;0.28;0.09;0.38;0.12;0.02;0.27;0.29;;;;
 08/02  09:00:00;1.23;0.00;0.44;0.14;0.58;0.06;0.01;0.33;0.25;;;;
 08/02  10:00:00;1.61;0.00;0.73;0.22;0.95;0.05;0.01;0.35;0.25;;;;
 08/02  11:00:00;1.79;0.00;0.88;0.24;1.12;0.05;0.01;0.36;0.25;;;;
 08/02  12:00:00;2.05;0.00;1.10;0.29;1.40;0.05;0.01;0.35;0.25;;;;
 08/02  13:00:00;2.36;0.00;1.37;0.36;1.72;0.05;0.01;0.32;0.26;;;;
 08/02  14:00:00;2.73;0.00;1.68;0.43;2.11;0.05;0.01;0.29;0.27;;;;
 08/02  15:00:00;3.11;0.00;1.97;0.49;2.46;0.05;0.01;0.30;0.29;;;;
 08/02  16:00:00;3.43;0.00;2.15;0.54;2.69;0.05;0.01;0.34;0.34;;;;
 08/02  17:00:00;3.85;0.00;2.34;0.60;2.94;0.07;0.01;0.42;0.41;;;;
 08/02  18:00:00;3.60;0.00;2.08;0.55;2.63;0.11;0.02;0.38;0.45;;;;
 08/02  19:00:00;3.22;0.00;1.70;0.48;2.18;0.22;0.04;0.32;0.46;;;;
 08/02  20:00:00;2.91;0.00;1.30;0.40;1.70;0.37;0.08;0.28;0.48;;;;
 08/02  21:00:00;2.73;0.00;1.08;0.34;1.42;0.47;0.10;0.27;0.47;;;;
 08/02  22:00:00;2.22;0.00;0.89;0.29;1.17;0.35;0.07;0.22;0.40;;;;
 08/02  23:00:00;1.73;0.00;0.70;0.23;0.94;0.25;0.05;0.15;0.35;;;;
 08/02  24:00:00;1.35;0.00;0.61;0.20;0.81;0.13;0.03;0.10;0.29;;;;
 08/03  01:00:00;1.07;0.00;0.47;0.16;0.63;0.08;0.02;0.08;0.27;;;;
 08/03  02:00:00;0.88;0.00;0.36;0.13;0.48;0.05;0.01;0.07;0.26;;;;
 08/03  03:00:00;0.80;0.00;0.30;0.11;0.41;0.05;0.01;0.06;0.26;;;;
 08/03  04:00:00;0.77;0.00;0.29;0.10;0.39;0.05;0.01;0.07;0.25;;;;
 08/03  05:00:00;0.78;0.00;0.26;0.09;0.35;0.05;0.01;0.09;0.28;;;;
 08/03  06:00:00;0.94;0.00;0.28;0.10;0.37;0.09;0.02;0.14;0.32;;;;
 08/03  07:00:00;1.24;0.00;0.38;0.12;0.50;0.15;0.03;0.21;0.34;;;;
 08/03  08:00:00;1.37;0.00;0.51;0.15;0.66;0.12;0.02;0.27;0.29;;;;
 08/03  09:00:00;1.56;0.00;0.71;0.20;0.91;0.06;0.01;0.33;0.25;;;;
 08/03  10:00:00;2.04;0.00;1.09;0.30;1.39;0.05;0.01;0.35;0.25;;;;
 08/03  11:00:00;2.15;0.00;1.17;0.31;1.48;0.05;0.01;0.36;0.25;;;;
 08/03  12:00:00;2.36;0.00;1.35;0.35;1.71;0.05;0.01;0.35;0.25;;;;
 08/03  13:00:00;2.61;0.00;1.57;0.40;1.97;0.05;0.01;0.32;0.26;;;;
 08/03  14:00:00;2.88;0.00;1.80;0.46;2.26;0.05;0.01;0.29;0.27;;;;
 08/03  15:00:00;3.25;0.00;2.08;0.52;2.61;0.05;0.01;0.30;0.29;;;;
 08/03  16:00:00;3.52;0.00;2.22;0.56;2.78;0.05;0.01;0.34;0.34;;;;
 08/03  17:00:00;3.98;0.00;2.46;0.61;3.07;0.07;0.01;0.42;0.41;;;;
 08/03  18:00:00;3.81;0.00;2.27;0.58;2.85;0.11;0.02;0.38;0.45;;;;
 08/03  19:00:00;3.38;0.00;1.83;0.51;2.34;0.22;0.04;0.32;0.46;;;;
 08/03  20:00:00;2.99;0.00;1.36;0.42;1.78;0.37;0.08;0.28;0.48;;;;
 08/03  21:00:00;2.76;0.00;1.10;0.35;1.45;0.47;0.10;0.27;0.47;;;;
 08/03  22:00:00;2.23;0.00;0.89;0.29;1.18;0.35;0.07;0.22;0.40;;;;
 08/03  23:00:00;1.75;0.00;0.72;0.24;0.96;0.25;0.05;0.15;0.35;;;;
 08/03  24:00:00;1.35;0.00;0.61;0.20;0.81;0.13;0.03;0.10;0.29;;;;
 08/04  01:00:00;1.04;0.00;0.44;0.15;0.59;0.08;0.02;0.08;0.27;;;;
 08/04  02:00:00;0.88;0.00;0.36;0.13;0.48;0.05;0.01;0.07;0.26;;;;
 08/04  03:00:00;0.83;0.00;0.33;0.11;0.44;0.05;0.01;0.06;0.26;;;;
 08/04  04:00:00;0.64;0.00;0.18;0.07;0.25;0.05;0.01;0.07;0.25;;;;
 08/04  05:00:00;0.73;0.00;0.22;0.08;0.30;0.05;0.01;0.09;0.28;;;;
 08/04  06:00:00;0.83;0.00;0.20;0.07;0.27;0.09;0.02;0.14;0.32;;;;
 08/04  07:00:00;1.17;0.00;0.32;0.11;0.43;0.15;0.03;0.21;0.34;;;;
 08/04  08:00:00;1.24;0.00;0.41;0.13;0.54;0.12;0.02;0.27;0.29;;;;
 08/04  09:00:00;1.41;0.00;0.58;0.17;0.76;0.06;0.01;0.33;0.25;;;;
 08/04  10:00:00;1.86;0.00;0.94;0.27;1.21;0.05;0.01;0.35;0.25;;;;
 08/04  11:00:00;2.05;0.00;1.08;0.29;1.37;0.05;0.01;0.36;0.25;;;;
 08/04  12:00:00;2.34;0.00;1.33;0.35;1.68;0.05;0.01;0.35;0.25;;;;
 08/04  13:00:00;2.64;0.00;1.59;0.41;2.00;0.05;0.01;0.32;0.26;;;;
 08/04  14:00:00;2.93;0.00;1.84;0.47;2.31;0.05;0.01;0.29;0.27;;;;
 08/04  15:00:00;3.26;0.00;2.09;0.53;2.61;0.05;0.01;0.30;0.29;;;;
 08/04  16:00:00;3.54;0.00;2.24;0.56;2.80;0.05;0.01;0.34;0.34;;;;
 08/04  17:00:00;3.95;0.00;2.42;0.61;3.04;0.07;0.01;0.42;0.41;;;;
 08/04  18:00:00;3.78;0.00;2.24;0.58;2.82;0.11;0.02;0.38;0.45;;;;
 08/04  19:00:00;3.36;0.00;1.82;0.51;2.33;0.22;0.04;0.32;0.46;;;;
 08/04  20:00:00;3.00;0.00;1.37;0.42;1.80;0.37;0.08;0.28;0.48;;;;
 08/04  21:00:00;2.83;0.00;1.16;0.36;1.53;0.47;0.10;0.27;0.47;;;;
 08/04  22:00:00;2.33;0.00;0.98;0.31;1.28;0.35;0.07;0.22;0.40;;;;
 08/04  23:00:00;1.78;0.00;0.74;0.25;0.99;0.25;0.05;0.15;0.35;;;;
 08/04  24:00:00;1.29;0.00;0.56;0.19;0.75;0.13;0.03;0.10;0.29;;;;
 08/05  01:00:00;1.05;0.00;0.45;0.16;0.60;0.08;0.02;0.09;0.27;;;;
 08/05  02:00:00;0.93;0.00;0.39;0.13;0.53;0.05;0.01;0.07;0.26;;;;
 08/05  03:00:00;0.78;0.00;0.29;0.10;0.40;0.05;0.01;0.07;0.26;;;;
 08/05  04:00:00;0.75;0.00;0.27;0.09;0.36;0.05;0.01;0.08;0.25;;;;
 08/05  05:00:00;0.73;0.00;0.21;0.08;0.29;0.05;0.01;0.09;0.28;;;;
 08/05  06:00:00;0.91;0.00;0.25;0.09;0.33;0.09;0.02;0.15;0.32;;;;
 08/05  07:00:00;1.18;0.00;0.32;0.11;0.42;0.15;0.03;0.23;0.34;;;;
 08/05  08:00:00;1.29;0.00;0.42;0.13;0.55;0.12;0.02;0.30;0.29;;;;
 08/05  09:00:00;1.48;0.00;0.60;0.18;0.78;0.06;0.01;0.38;0.25;;;;
 08/05  10:00:00;2.09;0.00;1.08;0.29;1.38;0.05;0.01;0.40;0.25;;;;
 08/05  11:00:00;2.19;0.00;1.16;0.31;1.46;0.05;0.01;0.41;0.25;;;;
 08/05  12:00:00;2.50;0.00;1.43;0.36;1.80;0.05;0.01;0.40;0.25;;;;
 08/05  13:00:00;2.75;0.00;1.65;0.42;2.07;0.05;0.01;0.36;0.26;;;;
 08/05  14:00:00;3.05;0.00;1.90;0.48;2.38;0.05;0.01;0.33;0.27;;;;
 08/05  15:00:00;3.44;0.00;2.21;0.55;2.75;0.05;0.01;0.34;0.29;;;;
 08/05  16:00:00;3.61;0.00;2.26;0.57;2.83;0.05;0.01;0.38;0.34;;;;
 08/05  17:00:00;4.05;0.00;2.49;0.61;3.11;0.07;0.01;0.46;0.41;;;;
 08/05  18:00:00;3.94;0.00;2.34;0.60;2.94;0.11;0.02;0.42;0.45;;;;
 08/05  19:00:00;3.53;0.00;1.92;0.53;2.45;0.22;0.04;0.35;0.46;;;;
 08/05  20:00:00;3.11;0.00;1.43;0.44;1.87;0.37;0.08;0.32;0.48;;;;
 08/05  21:00:00;2.73;0.00;1.04;0.35;1.39;0.47;0.10;0.30;0.47;;;;
 08/05  22:00:00;2.25;0.00;0.88;0.29;1.17;0.35;0.07;0.24;0.40;;;;
 08/05  23:00:00;1.80;0.00;0.75;0.24;0.99;0.25;0.05;0.16;0.35;;;;
 08/05  24:00:00;1.33;0.00;0.59;0.20;0.78;0.13;0.03;0.10;0.29;;;;
 08/06  01:00:00;1.02;0.00;0.42;0.15;0.57;0.08;0.02;0.09;0.27;;;;
 08/06  02:00:00;0.84;0.00;0.32;0.12;0.44;0.05;0.01;0.07;0.26;;;;
 08/06  03:00:00;0.74;0.00;0.26;0.09;0.35;0.05;0.01;0.07;0.26;;;;
 08/06  04:00:00;0.72;0.00;0.24;0.09;0.33;0.05;0.01;0.08;0.25;;;;
 08/06  05:00:00;0.72;0.00;0.21;0.08;0.28;0.05;0.01;0.09;0.28;;;;
 08/06  06:00:00;0.94;0.00;0.27;0.09;0.36;0.09;0.02;0.15;0.32;;;;
 08/06  07:00:00;1.20;0.00;0.33;0.11;0.45;0.15;0.03;0.23;0.34;;;;
 08/06  08:00:00;1.24;0.00;0.38;0.12;0.50;0.12;0.02;0.30;0.29;;;;
 08/06  09:00:00;1.42;0.00;0.56;0.17;0.73;0.06;0.01;0.38;0.25;;;;
 08/06  10:00:00;1.96;0.00;0.97;0.27;1.25;0.05;0.01;0.40;0.25;;;;
 08/06  11:00:00;2.24;0.00;1.20;0.31;1.52;0.05;0.01;0.41;0.25;;;;
 08/06  12:00:00;2.51;0.00;1.44;0.37;1.81;0.05;0.01;0.40;0.25;;;;
 08/06  13:00:00;2.86;0.00;1.74;0.44;2.18;0.05;0.01;0.36;0.26;;;;
 08/06  14:00:00;3.25;0.00;2.08;0.51;2.59;0.05;0.01;0.33;0.27;;;;
 08/06  15:00:00;3.74;0.00;2.47;0.59;3.06;0.05;0.01;0.34;0.29;;;;
 08/06  16:00:00;3.95;0.00;2.56;0.61;3.17;0.05;0.01;0.38;0.34;;;;
 08/06  17:00:00;4.06;0.00;2.49;0.61;3.11;0.07;0.01;0.46;0.41;;;;
 08/06  18:00:00;4.01;0.00;2.40;0.61;3.01;0.11;0.02;0.42;0.45;;;;
 08/06  19:00:00;3.57;0.00;1.94;0.56;2.50;0.22;0.04;0.35;0.46;;;;
 08/06  20:00:00;3.20;0.00;1.50;0.46;1.96;0.37;0.08;0.32;0.48;;;;
 08/06  21:00:00;2.93;0.00;1.20;0.38;1.59;0.47;0.10;0.30;0.47;;;;
 08/06  22:00:00;2.37;0.00;0.98;0.31;1.29;0.35;0.07;0.24;0.40;;;;
 08/06  23:00:00;1.79;0.00;0.73;0.25;0.98;0.25;0.05;0.16;0.35;;;;
 08/06  24:00:00;1.27;0.00;0.54;0.19;0.72;0.13;0.03;0.10;0.29;;;;
 08/07  01:00:00;0.84;0.00;0.29;0.11;0.40;0.08;0.02;0.08;0.27;;;;
 08/07  02:00:00;1.01;0.00;0.45;0.16;0.61;0.05;0.01;0.07;0.26;;;;
 08/07  03:00:00;0.58;0.00;0.14;0.05;0.20;0.05;0.01;0.06;0.26;;;;
 08/07  04:00:00;0.63;0.00;0.18;0.06;0.24;0.05;0.01;0.07;0.25;;;;
 08/07  05:00:00;0.55;0.00;0.09;0.03;0.12;0.05;0.01;0.09;0.28;;;;
 08/07  06:00:00;0.69;0.00;0.09;0.03;0.13;0.09;0.02;0.14;0.32;;;;
 08/07  07:00:00;1.12;0.00;0.29;0.10;0.38;0.15;0.03;0.21;0.34;;;;
 08/07  08:00:00;1.20;0.00;0.37;0.12;0.49;0.12;0.02;0.27;0.29;;;;
 08/07  09:00:00;1.37;0.00;0.56;0.17;0.72;0.06;0.01;0.33;0.25;;;;
 08/07  10:00:00;1.84;0.00;0.92;0.26;1.18;0.05;0.01;0.35;0.25;;;;
 08/07  11:00:00;1.96;0.00;1.01;0.28;1.29;0.05;0.01;0.36;0.25;;;;
 08/07  12:00:00;2.11;0.00;1.14;0.32;1.45;0.05;0.01;0.35;0.25;;;;
 08/07  13:00:00;2.32;0.00;1.33;0.36;1.69;0.05;0.01;0.32;0.26;;;;
 08/07  14:00:00;2.61;0.00;1.57;0.41;1.99;0.05;0.01;0.29;0.27;;;;
 08/07  15:00:00;2.92;0.00;1.80;0.47;2.27;0.05;0.01;0.30;0.29;;;;
 08/07  16:00:00;3.17;0.00;1.92;0.50;2.42;0.05;0.01;0.34;0.34;;;;
 08/07  17:00:00;3.64;0.00;2.16;0.57;2.72;0.07;0.01;0.42;0.41;;;;
 08/07  18:00:00;3.41;0.00;1.92;0.52;2.45;0.11;0.02;0.38;0.45;;;;
 08/07  19:00:00;2.86;0.00;1.40;0.42;1.82;0.22;0.04;0.32;0.46;;;;
 08/07  20:00:00;2.59;0.00;1.05;0.34;1.39;0.37;0.08;0.28;0.48;;;;
 08/07  21:00:00;2.49;0.00;0.89;0.29;1.18;0.47;0.10;0.27;0.47;;;;
 08/07  22:00:00;2.01;0.00;0.72;0.24;0.96;0.35;0.07;0.22;0.40;;;;
 08/07  23:00:00;1.58;0.00;0.58;0.20;0.78;0.25;0.05;0.15;0.35;;;;
 08/07  24:00:00;1.05;0.00;0.38;0.14;0.51;0.13;0.03;0.10;0.29;;;;
 08/08  01:00:00;0.89;0.00;0.33;0.12;0.45;0.08;0.02;0.08;0.27;;;;
 08/08  02:00:00;0.73;0.00;0.24;0.09;0.33;0.05;0.01;0.07;0.26;;;;
 08/08  03:00:00;0.65;0.00;0.19;0.07;0.26;0.05;0.01;0.06;0.26;;;;
 08/08  04:00:00;0.57;0.00;0.13;0.05;0.18;0.05;0.01;0.07;0.25;;;;
 08/08  05:00:00;0.59;0.00;0.11;0.04;0.16;0.05;0.01;0.09;0.28;;;;
 08/08  06:00:00;0.75;0.00;0.14;0.05;0.19;0.09;0.02;0.14;0.32;;;;
 08/08  07:00:00;1.00;0.00;0.20;0.07;0.27;0.15;0.03;0.21;0.34;;;;
 08/08  08:00:00;1.03;0.00;0.24;0.08;0.33;0.12;0.02;0.27;0.29;;;;
 08/08  09:00:00;1.10;0.00;0.34;0.11;0.45;0.06;0.01;0.33;0.25;;;;
 08/08  10:00:00;1.36;0.00;0.53;0.17;0.70;0.05;0.01;0.35;0.25;;;;
 08/08  11:00:00;1.49;0.00;0.63;0.19;0.82;0.05;0.01;0.36;0.25;;;;
 08/08  12:00:00;1.68;0.00;0.79;0.23;1.03;0.05;0.01;0.35;0.25;;;;
 08/08  13:00:00;1.93;0.00;1.01;0.29;1.30;0.05;0.01;0.32;0.26;;;;
 08/08  14:00:00;2.22;0.00;1.25;0.34;1.59;0.05;0.01;0.29;0.27;;;;
 08/08  15:00:00;2.61;0.00;1.55;0.41;1.96;0.05;0.01;0.30;0.29;;;;
 08/08  16:00:00;2.88;0.00;1.68;0.45;2.13;0.05;0.01;0.34;0.34;;;;
 08/08  17:00:00;3.27;0.00;1.85;0.51;2.36;0.07;0.01;0.42;0.41;;;;
 08/08  18:00:00;3.09;0.00;1.66;0.47;2.12;0.11;0.02;0.38;0.45;;;;
 08/08  19:00:00;2.77;0.00;1.33;0.40;1.73;0.22;0.04;0.32;0.46;;;;
 08/08  20:00:00;2.50;0.00;0.97;0.32;1.29;0.37;0.08;0.28;0.48;;;;
 08/08  21:00:00;2.43;0.00;0.84;0.28;1.12;0.47;0.10;0.27;0.47;;;;
 08/08  22:00:00;1.98;0.00;0.69;0.24;0.93;0.35;0.07;0.22;0.40;;;;
 08/08  23:00:00;1.49;0.00;0.52;0.18;0.70;0.25;0.05;0.15;0.35;;;;
 08/08  24:00:00;1.09;0.00;0.41;0.14;0.55;0.13;0.03;0.10;0.29;;;;
 08/09  01:00:00;0.80;0.00;0.27;0.10;0.36;0.08;0.02;0.08;0.27;;;;
 08/09  02:00:00;0.76;0.00;0.27;0.10;0.36;0.05;0.01;0.07;0.26;;;;
 08/09  03:00:00;0.54;0.00;0.11;0.04;0.15;0.05;0.01;0.06;0.26;;;;
 08/09  04:00:00;0.41;0.00;0.02;0.01;0.02;0.05;0.01;0.07;0.25;;;;
 08/09  05:00:00;0.43;0.00;0.00;0.00;0.00;0.05;0.01;0.09;0.28;;;;
 08/09  06:00:00;0.57;0.00;0.01;0.00;0.01;0.09;0.02;0.14;0.32;;;;
 08/09  07:00:00;1.01;0.00;0.20;0.07;0.27;0.15;0.03;0.21;0.34;;;;
 08/09  08:00:00;1.02;0.00;0.23;0.08;0.31;0.12;0.02;0.27;0.29;;;;
 08/09  09:00:00;1.07;0.00;0.31;0.11;0.42;0.06;0.01;0.33;0.25;;;;
 08/09  10:00:00;1.32;0.00;0.50;0.16;0.66;0.05;0.01;0.35;0.25;;;;
 08/09  11:00:00;1.47;0.00;0.61;0.19;0.80;0.05;0.01;0.36;0.25;;;;
 08/09  12:00:00;1.70;0.00;0.81;0.24;1.04;0.05;0.01;0.35;0.25;;;;
 08/09  13:00:00;1.96;0.00;1.03;0.29;1.33;0.05;0.01;0.32;0.26;;;;
 08/09  14:00:00;2.31;0.00;1.32;0.36;1.68;0.05;0.01;0.29;0.27;;;;
 08/09  15:00:00;2.63;0.00;1.56;0.42;1.98;0.05;0.01;0.30;0.29;;;;
 08/09  16:00:00;2.75;0.00;1.57;0.44;2.01;0.05;0.01;0.34;0.34;;;;
 08/09  17:00:00;3.40;0.00;1.96;0.52;2.49;0.07;0.01;0.42;0.41;;;;
 08/09  18:00:00;3.25;0.00;1.79;0.49;2.28;0.11;0.02;0.38;0.45;;;;
 08/09  19:00:00;2.90;0.00;1.44;0.42;1.86;0.22;0.04;0.32;0.46;;;;
 08/09  20:00:00;2.72;0.00;1.15;0.36;1.51;0.37;0.08;0.28;0.48;;;;
 08/09  21:00:00;2.55;0.00;0.94;0.31;1.25;0.47;0.10;0.27;0.47;;;;
 08/09  22:00:00;2.07;0.00;0.77;0.26;1.02;0.35;0.07;0.22;0.40;;;;
 08/09  23:00:00;1.61;0.00;0.60;0.21;0.81;0.25;0.05;0.15;0.35;;;;
 08/09  24:00:00;1.20;0.00;0.49;0.17;0.66;0.13;0.03;0.10;0.29;;;;
 08/10  01:00:00;0.93;0.00;0.36;0.13;0.49;0.08;0.02;0.08;0.27;;;;
 08/10  02:00:00;0.76;0.00;0.26;0.10;0.36;0.05;0.01;0.07;0.26;;;;
 08/10  03:00:00;0.66;0.00;0.20;0.07;0.27;0.05;0.01;0.06;0.26;;;;
 08/10  04:00:00;0.60;0.00;0.15;0.06;0.21;0.05;0.01;0.07;0.25;;;;
 08/10  05:00:00;0.60;0.00;0.12;0.05;0.17;0.05;0.01;0.09;0.28;;;;
 08/10  06:00:00;0.72;0.00;0.12;0.04;0.16;0.09;0.02;0.14;0.32;;;;
 08/10  07:00:00;0.99;0.00;0.18;0.07;0.25;0.15;0.03;0.21;0.34;;;;
 08/10  08:00:00;0.98;0.00;0.20;0.07;0.28;0.12;0.02;0.27;0.29;;;;
 08/10  09:00:00;1.06;0.00;0.31;0.10;0.41;0.06;0.01;0.33;0.25;;;;
 08/10  10:00:00;1.26;0.00;0.45;0.15;0.60;0.05;0.01;0.35;0.25;;;;
 08/10  11:00:00;1.44;0.00;0.58;0.18;0.76;0.05;0.01;0.36;0.25;;;;
 08/10  12:00:00;1.62;0.00;0.74;0.22;0.96;0.05;0.01;0.35;0.25;;;;
 08/10  13:00:00;1.81;0.00;0.90;0.27;1.17;0.05;0.01;0.32;0.26;;;;
 08/10  14:00:00;2.13;0.00;1.17;0.33;1.50;0.05;0.01;0.29;0.27;;;;
 08/10  15:00:00;2.47;0.00;1.43;0.39;1.82;0.05;0.01;0.30;0.29;;;;
 08/10  16:00:00;2.67;0.00;1.51;0.42;1.92;0.05;0.01;0.34;0.34;;;;
 08/10  17:00:00;3.20;0.00;1.80;0.49;2.29;0.07;0.01;0.42;0.41;;;;
 08/10  18:00:00;3.06;0.00;1.64;0.46;2.10;0.11;0.02;0.38;0.45;;;;
 08/10  19:00:00;2.76;0.00;1.32;0.40;1.72;0.22;0.04;0.32;0.46;;;;
 08/10  20:00:00;2.63;0.00;1.08;0.34;1.42;0.37;0.08;0.28;0.48;;;;
 08/10  21:00:00;2.50;0.00;0.90;0.30;1.19;0.47;0.10;0.27;0.47;;;;
 08/10  22:00:00;2.07;0.00;0.77;0.25;1.02;0.35;0.07;0.22;0.40;;;;
 08/10  23:00:00;1.62;0.00;0.61;0.21;0.82;0.25;0.05;0.15;0.35;;;;
 08/10  24:00:00;1.20;0.00;0.49;0.17;0.66;0.13;0.03;0.10;0.29;;;;
 08/11  01:00:00;0.95;;;;;;;;;;;;
 08/11  02:00:00;0.61;;;;;;;;;;;;
 08/11  03:00:00;0.50;;;;;;;;;;;;
 08/11  04:00:00;0.42;;;;;;;;;;;;
 08/11  05:00:00;0.43;;;;;;;;;;;;
 08/11  06:00:00;0.56;;;;;;;;;;;;
 08/11  07:00:00;0.84;;;;;;;;;;;;
 08/11  08:00:00;0.92;;;;;;;;;;;;
 08/11  09:00:00;1.06;;;;;;;;;;;;
 08/11  10:00:00;1.35;;;;;;;;;;;;
 08/11  11:00:00;1.48;;;;;;;;;;;;
 08/11  12:00:00;1.69;;;;;;;;;;;;
 08/11  13:00:00;1.94;;;;;;;;;;;;
 08/11  14:00:00;2.34;;;;;;;;;;;;
 08/11  15:00:00;2.63;;;;;;;;;;;;
 08/11  16:00:00;2.89;;;;;;;;;;;;
 08/11  17:00:00;3.29;;;;;;;;;;;;
 08/11  18:00:00;3.14;;;;;;;;;;;;
 08/11  19:00:00;2.85;;;;;;;;;;;;
 08/11  20:00:00;2.67;;;;;;;;;;;;
 08/11  21:00:00;2.56;;;;;;;;;;;;
 08/11  22:00:00;2.10;;;;;;;;;;;;
 08/11  23:00:00;1.58;;;;;;;;;;;;
 08/11  24:00:00;1.17;;;;;;;;;;;;
 08/12  01:00:00;0.85;;;;;;;;;;;;
 08/12  02:00:00;0.68;;;;;;;;;;;;
 08/12  03:00:00;0.59;;;;;;;;;;;;
 08/12  04:00:00;0.52;;;;;;;;;;;;
 08/12  05:00:00;0.51;;;;;;;;;;;;
 08/12  06:00:00;0.63;;;;;;;;;;;;
 08/12  07:00:00;0.81;;;;;;;;;;;;
 08/12  08:00:00;0.79;;;;;;;;;;;;
 08/12  09:00:00;0.80;;;;;;;;;;;;
 08/12  10:00:00;1.02;;;;;;;;;;;;
 08/12  11:00:00;1.06;;;;;;;;;;;;
 08/12  12:00:00;1.30;;;;;;;;;;;;
 08/12  13:00:00;1.53;;;;;;;;;;;;
 08/12  14:00:00;1.77;;;;;;;;;;;;
 08/12  15:00:00;1.90;;;;;;;;;;;;
 08/12  16:00:00;2.15;;;;;;;;;;;;
 08/12  17:00:00;2.56;;;;;;;;;;;;
 08/12  18:00:00;2.42;;;;;;;;;;;;
 08/12  19:00:00;2.23;;;;;;;;;;;;
 08/12  20:00:00;2.17;;;;;;;;;;;;
 08/12  21:00:00;2.05;;;;;;;;;;;;
 08/12  22:00:00;1.65;;;;;;;;;;;;
 08/12  23:00:00;1.28;;;;;;;;;;;;
 08/12  24:00:00;0.92;;;;;;;;;;;;
 08/13  01:00:00;0.70;;;;;;;;;;;;
 08/13  02:00:00;0.59;;;;;;;;;;;;
 08/13  03:00:00;0.50;;;;;;;;;;;;
 08/13  04:00:00;0.44;;;;;;;;;;;;
 08/13  05:00:00;0.47;;;;;;;;;;;;
 08/13  06:00:00;0.59;;;;;;;;;;;;
 08/13  07:00:00;0.75;;;;;;;;;;;;
 08/13  08:00:00;0.69;;;;;;;;;;;;
 08/13  09:00:00;0.70;;;;;;;;;;;;
 08/13  10:00:00;0.91;;;;;;;;;;;;
 08/13  11:00:00;1.00;;;;;;;;;;;;
 08/13  12:00:00;1.21;;;;;;;;;;;;
 08/13  13:00:00;1.43;;;;;;;;;;;;
 08/13  14:00:00;1.72;;;;;;;;;;;;
 08/13  15:00:00;1.99;;;;;;;;;;;;
 08/13  16:00:00;2.16;;;;;;;;;;;;
 08/13  17:00:00;2.55;;;;;;;;;;;;
 08/13  18:00:00;2.34;;;;;;;;;;;;
 08/13  19:00:00;2.06;;;;;;;;;;;;
 08/13  20:00:00;2.01;;;;;;;;;;;;
 08/13  21:00:00;1.92;;;;;;;;;;;;
 08/13  22:00:00;1.52;;;;;;;;;;;;
 08/13  23:00:00;1.17;;;;;;;;;;;;
 08/13  24:00:00;0.82;;;;;;;;;;;;
 08/14  01:00:00;0.62;;;;;;;;;;;;
 08/14  02:00:00;0.49;;;;;;;;;;;;
 08/14  03:00:00;0.44;;;;;;;;;;;;
 08/14  04:00:00;0.39;;;;;;;;;;;;
 08/14  05:00:00;0.41;;;;;;;;;;;;
 08/14  06:00:00;0.51;;;;;;;;;;;;
 08/14  07:00:00;0.67;;;;;;;;;;;;
 08/14  08:00:00;0.63;;;;;;;;;;;;
 08/14  09:00:00;0.62;;;;;;;;;;;;
 08/14  10:00:00;0.68;;;;;;;;;;;;
 08/14  11:00:00;0.80;;;;;;;;;;;;
 08/14  12:00:00;0.91;;;;;;;;;;;;
 08/14  13:00:00;1.04;;;;;;;;;;;;
 08/14  14:00:00;1.26;;;;;;;;;;;;
 08/14  15:00:00;1.45;;;;;;;;;;;;
 08/14  16:00:00;1.63;;;;;;;;;;;;
 08/14  17:00:00;1.86;;;;;;;;;;;;
 08/14  18:00:00;1.76;;;;;;;;;;;;
 08/14  19:00:00;1.61;;;;;;;;;;;;
 08/14  20:00:00;1.61;;;;;;;;;;;;
 08/14  21:00:00;1.58;;;;;;;;;;;;
 08/14  22:00:00;1.23;;;;;;;;;;;;
 08/14  23:00:00;0.92;;;;;;;;;;;;
 08/14  24:00:00;0.60;;;;;;;;;;;;
 08/15  01:00:00;0.42;;;;;;;;;;;;
 08/15  02:00:00;0.39;;;;;;;;;;;;
 08/15  03:00:00;0.38;;;;;;;;;;;;
 08/15  04:00:00;0.37;;;;;;;;;;;;
 08/15  05:00:00;0.41;;;;;;;;;;;;
 08/15  06:00:00;0.51;;;;;;;;;;;;
 08/15  07:00:00;0.64;;;;;;;;;;;;
 08/15  08:00:00;0.55;;;;;;;;;;;;
 08/15  09:00:00;0.44;;;;;;;;;;;;
 08/15  10:00:00;0.43;;;;;;;;;;;;
 08/15  11:00:00;0.55;;;;;;;;;;;;
 08/15  12:00:00;0.67;;;;;;;;;;;;
 08/15  13:00:00;0.82;;;;;;;;;;;;
 08/15  14:00:00;0.99;;;;;;;;;;;;
 08/15  15:00:00;1.20;;;;;;;;;;;;
 08/15  16:00:00;1.38;;;;;;;;;;;;
 08/15  17:00:00;1.65;;;;;;;;;;;;
 08/15  18:00:00;1.65;;;;;;;;;;;;
 08/15  19:00:00;1.58;;;;;;;;;;;;
 08/15  20:00:00;1.60;;;;;;;;;;;;
 08/15  21:00:00;1.61;;;;;;;;;;;;
 08/15  22:00:00;1.28;;;;;;;;;;;;
 08/15  23:00:00;0.95;;;;;;;;;;;;
 08/15  24:00:00;0.67;;;;;;;;;;;;
 08/16  01:00:00;0.53;;;;;;;;;;;;
 08/16  02:00:00;0.44;;;;;;;;;;;;
 08/16  03:00:00;0.38;;;;;;;;;;;;
 08/16  04:00:00;0.37;;;;;;;;;;;;
 08/16  05:00:00;0.41;;;;;;;;;;;;
 08/16  06:00:00;0.51;;;;;;;;;;;;
 08/16  07:00:00;0.64;;;;;;;;;;;;
 08/16  08:00:00;0.56;;;;;;;;;;;;
 08/16  09:00:00;0.57;;;;;;;;;;;;
 08/16  10:00:00;0.71;;;;;;;;;;;;
 08/16  11:00:00;0.84;;;;;;;;;;;;
 08/16  12:00:00;1.02;;;;;;;;;;;;
 08/16  13:00:00;1.21;;;;;;;;;;;;
 08/16  14:00:00;1.44;;;;;;;;;;;;
 08/16  15:00:00;1.69;;;;;;;;;;;;
 08/16  16:00:00;1.94;;;;;;;;;;;;
 08/16  17:00:00;2.33;;;;;;;;;;;;
 08/16  18:00:00;2.22;;;;;;;;;;;;
 08/16  19:00:00;2.00;;;;;;;;;;;;
 08/16  20:00:00;1.95;;;;;;;;;;;;
 08/16  21:00:00;1.87;;;;;;;;;;;;
 08/16  22:00:00;1.51;;;;;;;;;;;;
 08/16  23:00:00;1.15;;;;;;;;;;;;
 08/16  24:00:00;0.82;;;;;;;;;;;;
 08/17  01:00:00;0.62;;;;;;;;;;;;
 08/17  02:00:00;0.53;;;;;;;;;;;;
 08/17  03:00:00;0.47;;;;;;;;;;;;
 08/17  04:00:00;0.42;;;;;;;;;;;;
 08/17  05:00:00;0.45;;;;;;;;;;;;
 08/17  06:00:00;0.57;;;;;;;;;;;;
 08/17  07:00:00;0.76;;;;;;;;;;;;
 08/17  08:00:00;0.75;;;;;;;;;;;;
 08/17  09:00:00;0.75;;;;;;;;;;;;
 08/17  10:00:00;1.05;;;;;;;;;;;;
 08/17  11:00:00;1.14;;;;;;;;;;;;
 08/17  12:00:00;1.34;;;;;;;;;;;;
 08/17  13:00:00;1.58;;;;;;;;;;;;
 08/17  14:00:00;1.90;;;;;;;;;;;;
 08/17  15:00:00;2.20;;;;;;;;;;;;
 08/17  16:00:00;2.38;;;;;;;;;;;;
 08/17  17:00:00;2.78;;;;;;;;;;;;
 08/17  18:00:00;2.59;;;;;;;;;;;;
 08/17  19:00:00;2.29;;;;;;;;;;;;
 08/17  20:00:00;2.16;;;;;;;;;;;;
 08/17  21:00:00;2.03;;;;;;;;;;;;
 08/17  22:00:00;1.65;;;;;;;;;;;;
 08/17  23:00:00;1.30;;;;;;;;;;;;
 08/17  24:00:00;0.92;;;;;;;;;;;;