Date/Time;DryBulb [C];DewPoint [C];RelHum [%];GloHorzRad [Wh/m2];DirNormRad [Wh/m2];DifHorzRad [Wh/m2] 
 07/21  01:00:00;21.60;13.30;59.00;0.00;0.00;0.00
 07/21  02:00:00;21.10;13.80;63.00;0.00;0.00;0.00
 07/21  03:00:00;18.80;13.80;73.00;0.00;0.00;0.00
 07/21  04:00:00;18.30;14.40;78.00;0.00;0.00;0.00
 07/21  05:00:00;17.90;14.60;81.00;0.00;2.00;0.00
 07/21  06:00:00;18.80;15.00;79.00;52.00;262.00;26.00
 07/21  07:00:00;21.60;14.40;64.00;232.00;607.00;53.00
 07/21  08:00:00;23.90;15.60;60.00;446.00;760.00;76.00
 07/21  09:00:00;25.60;16.10;56.00;650.00;840.00;95.00
 07/21  10:00:00;27.20;17.20;54.00;819.00;885.00;109.00
 07/21  11:00:00;28.30;16.70;49.00;929.00;892.00;124.00
 07/21  12:00:00;30.60;13.90;36.00;1003.00;921.00;123.00
 07/21  13:00:00;31.70;13.90;34.00;1006.00;921.00;123.00
 07/21  14:00:00;32.20;14.40;34.00;946.00;910.00;119.00
 07/21  15:00:00;33.30;13.90;31.00;829.00;885.00;110.00
 07/21  16:00:00;33.90;13.30;29.00;663.00;842.00;97.00
 07/21  17:00:00;33.80;11.60;26.00;462.00;765.00;78.00
 07/21  18:00:00;32.70;12.20;29.00;248.00;621.00;55.00
 07/21  19:00:00;30.50;11.60;31.00;63.00;299.00;29.00
 07/21  20:00:00;25.50;11.60;42.00;0.00;6.00;0.00
 07/21  21:00:00;23.80;11.60;46.00;0.00;0.00;0.00
 07/21  22:00:00;23.80;13.30;52.00;0.00;0.00;0.00
 07/21  23:00:00;22.20;12.70;55.00;0.00;0.00;0.00
 07/21  24:00:00;21.60;13.30;59.00;0.00;0.00;0.00
 07/22  01:00:00;20.00;14.40;70.00;0.00;0.00;0.00
 07/22  02:00:00;18.80;15.50;81.00;0.00;0.00;0.00
 07/22  03:00:00;17.70;15.50;87.00;0.00;0.00;0.00
 07/22  04:00:00;17.20;14.40;84.00;0.00;0.00;0.00
 07/22  05:00:00;17.20;14.40;84.00;0.00;0.00;0.00
 07/22  06:00:00;18.80;14.40;76.00;43.00;125.00;31.00
 07/22  07:00:00;21.10;15.00;68.00;209.00;466.00;73.00
 07/22  08:00:00;23.30;15.00;60.00;422.00;646.00;108.00
 07/22  09:00:00;23.90;14.40;55.00;626.00;744.00;137.00
 07/22  10:00:00;27.20;13.30;42.00;798.00;801.00;157.00
 07/22  11:00:00;27.80;12.20;38.00;921.00;833.00;170.00
 07/22  12:00:00;29.40;12.20;35.00;986.00;848.00;176.00
 07/22  13:00:00;30.60;12.80;34.00;989.00;848.00;176.00
 07/22  14:00:00;31.70;11.70;29.00;930.00;836.00;170.00
 07/22  15:00:00;32.20;13.30;32.00;812.00;806.00;158.00
 07/22  16:00:00;33.30;12.20;28.00;644.00;752.00;138.00
 07/22  17:00:00;32.70;12.70;30.00;441.00;659.00;111.00
 07/22  18:00:00;32.20;11.60;28.00;227.00;488.00;76.00
 07/22  19:00:00;30.00;12.20;33.00;53.00;159.00;35.00
 07/22  20:00:00;24.40;13.30;50.00;0.00;0.00;0.00
 07/22  21:00:00;22.70;13.30;55.00;0.00;0.00;0.00
 07/22  22:00:00;21.60;13.30;59.00;0.00;0.00;0.00
 07/22  23:00:00;21.60;13.80;61.00;0.00;0.00;0.00
 07/22  24:00:00;19.40;13.30;68.00;0.00;0.00;0.00
 07/23  01:00:00;20.00;13.80;67.00;0.00;0.00;0.00
 07/23  02:00:00;18.30;14.40;78.00;0.00;0.00;0.00
 07/23  03:00:00;17.20;14.40;84.00;0.00;0.00;0.00
 07/23  04:00:00;16.10;13.80;86.00;0.00;0.00;0.00
 07/23  05:00:00;16.10;13.30;83.00;0.00;0.00;0.00
 07/23  06:00:00;17.70;14.40;81.00;40.00;96.00;31.00
 07/23  07:00:00;20.00;15.00;73.00;203.00;428.00;78.00
 07/23  08:00:00;22.20;14.40;61.00;415.00;615.00;117.00
 07/23  09:00:00;23.90;14.40;55.00;620.00;717.00;149.00
 07/23  10:00:00;25.00;14.40;52.00;792.00;776.00;172.00
 07/23  11:00:00;27.80;13.30;41.00;915.00;810.00;186.00
 07/23  12:00:00;28.90;12.80;37.00;980.00;824.00;193.00
 07/23  13:00:00;30.60;12.20;32.00;982.00;824.00;193.00
 07/23  14:00:00;31.10;12.80;33.00;922.00;810.00;187.00
 07/23  15:00:00;32.20;12.20;30.00;802.00;777.00;173.00
 07/23  16:00:00;32.80;13.30;31.00;634.00;720.00;151.00
 07/23  17:00:00;32.40;13.00;31.00;431.00;621.00;120.00
 07/23  18:00:00;31.60;12.70;32.00;218.00;444.00;82.00
 07/23  19:00:00;29.40;14.40;40.00;50.00;124.00;36.00
 07/23  20:00:00;25.50;12.20;44.00;0.00;0.00;0.00
 07/23  21:00:00;23.80;12.70;50.00;0.00;0.00;0.00
 07/23  22:00:00;22.70;12.20;51.00;0.00;0.00;0.00
 07/23  23:00:00;22.20;11.60;51.00;0.00;0.00;0.00
 07/23  24:00:00;23.80;12.20;48.00;0.00;0.00;0.00
 07/24  01:00:00;20.00;12.20;61.00;0.00;0.00;0.00
 07/24  02:00:00;18.80;13.30;70.00;0.00;0.00;0.00
 07/24  03:00:00;18.80;12.70;68.00;0.00;0.00;0.00
 07/24  04:00:00;17.20;13.30;78.00;0.00;0.00;0.00
 07/24  05:00:00;16.60;11.60;72.00;0.00;0.00;0.00
 07/24  06:00:00;18.30;14.40;78.00;44.00;185.00;27.00
 07/24  07:00:00;20.50;14.40;68.00;215.00;537.00;60.00
 07/24  08:00:00;22.80;15.00;61.00;426.00;703.00;87.00
 07/24  09:00:00;25.00;14.40;52.00;629.00;791.00;110.00
 07/24  10:00:00;27.20;14.40;45.00;798.00;841.00;126.00
 07/24  11:00:00;28.90;15.00;43.00;919.00;869.00;137.00
 07/24  12:00:00;30.00;14.40;39.00;983.00;882.00;142.00
 07/24  13:00:00;31.70;13.30;33.00;987.00;883.00;142.00
 07/24  14:00:00;32.80;12.80;30.00;928.00;872.00;137.00
 07/24  15:00:00;33.30;12.20;28.00;812.00;846.00;127.00
 07/24  16:00:00;33.30;12.20;28.00;647.00;799.00;112.00
 07/24  17:00:00;33.30;13.30;30.00;446.00;716.00;90.00
 07/24  18:00:00;32.20;13.30;32.00;234.00;560.00;62.00
 07/24  19:00:00;30.50;14.40;38.00;55.00;225.00;31.00
 07/24  20:00:00;26.10;13.30;45.00;0.00;2.00;0.00
 07/24  21:00:00;25.00;12.20;45.00;0.00;0.00;0.00
 07/24  22:00:00;23.30;12.70;51.00;0.00;0.00;0.00
 07/24  23:00:00;22.20;12.20;53.00;0.00;0.00;0.00
 07/24  24:00:00;24.40;12.70;48.00;0.00;0.00;0.00
 07/25  01:00:00;20.50;13.30;63.00;0.00;0.00;0.00
 07/25  02:00:00;19.00;12.80;67.00;0.00;0.00;0.00
 07/25  03:00:00;17.70;12.20;70.00;0.00;0.00;0.00
 07/25  04:00:00;17.30;12.40;73.00;0.00;0.00;0.00
 07/25  05:00:00;17.20;12.70;75.00;0.00;0.00;0.00
 07/25  06:00:00;18.80;14.40;76.00;48.00;281.00;22.00
 07/25  07:00:00;20.50;14.40;68.00;227.00;628.00;46.00
 07/25  08:00:00;22.80;14.40;59.00;440.00;776.00;67.00
 07/25  09:00:00;25.00;13.30;48.00;642.00;852.00;85.00
 07/25  10:00:00;26.70;14.40;47.00;811.00;895.00;97.00
 07/25  11:00:00;28.90;13.90;40.00;932.00;919.00;105.00
 07/25  12:00:00;31.10;13.30;34.00;996.00;930.00;109.00
 07/25  13:00:00;32.80;13.90;32.00;999.00;931.00;109.00
 07/25  14:00:00;33.30;13.90;31.00;940.00;921.00;106.00
 07/25  15:00:00;33.30;13.90;31.00;823.00;898.00;98.00
 07/25  16:00:00;33.90;13.30;29.00;658.00;857.00;86.00
 07/25  17:00:00;33.80;13.30;29.00;458.00;785.00;69.00
 07/25  18:00:00;32.70;13.80;32.00;245.00;646.00;48.00
 07/25  19:00:00;30.50;14.40;38.00;60.00;323.00;25.00
 07/25  20:00:00;26.10;13.80;47.00;0.00;7.00;0.00
 07/25  21:00:00;25.50;13.80;48.00;0.00;0.00;0.00
 07/25  22:00:00;24.40;13.80;52.00;0.00;0.00;0.00
 07/25  23:00:00;23.70;13.70;53.00;0.00;0.00;0.00
 07/25  24:00:00;22.70;13.80;57.00;0.00;0.00;0.00
 07/26  01:00:00;22.20;12.20;53.00;0.00;0.00;0.00
 07/26  02:00:00;20.00;13.80;67.00;0.00;0.00;0.00
 07/26  03:00:00;18.80;12.20;65.00;0.00;0.00;0.00
 07/26  04:00:00;18.30;13.30;73.00;0.00;0.00;0.00
 07/26  05:00:00;18.80;14.40;76.00;0.00;0.00;0.00
 07/26  06:00:00;20.00;15.00;73.00;35.00;68.00;28.00
 07/26  07:00:00;21.60;15.00;66.00;187.00;279.00;107.00
 07/26  08:00:00;24.40;15.00;56.00;407.00;608.00;116.00
 07/26  09:00:00;27.20;14.40;45.00;613.00;712.00;148.00
 07/26  10:00:00;28.90;14.40;41.00;778.00;757.00;175.00
 07/26  11:00:00;31.10;14.40;36.00;842.00;719.00;196.00
 07/26  12:00:00;32.20;14.40;34.00;946.00;752.00;230.00
 07/26  13:00:00;33.30;15.00;33.00;846.00;653.00;223.00
 07/26  14:00:00;34.40;14.40;30.00;829.00;689.00;206.00
 07/26  15:00:00;35.00;13.90;28.00;749.00;700.00;184.00
 07/26  16:00:00;35.60;13.30;26.00;599.00;668.00;154.00
 07/26  17:00:00;35.20;14.10;28.00;413.00;594.00;119.00
 07/26  18:00:00;34.40;15.00;31.00;213.00;437.00;80.00
 07/26  19:00:00;32.70;16.10;37.00;50.00;74.00;43.00
 07/26  20:00:00;28.80;15.50;44.00;0.00;0.00;0.00
 07/26  21:00:00;27.70;14.40;44.00;0.00;0.00;0.00
 07/26  22:00:00;29.40;14.40;40.00;0.00;0.00;0.00
 07/26  23:00:00;29.40;15.00;42.00;0.00;0.00;0.00
 07/26  24:00:00;28.30;15.00;44.00;0.00;0.00;0.00
 07/27  01:00:00;27.20;15.50;49.00;0.00;0.00;0.00
 07/27  02:00:00;25.50;15.50;54.00;0.00;0.00;0.00
 07/27  03:00:00;23.80;14.40;56.00;0.00;0.00;0.00
 07/27  04:00:00;25.00;14.40;52.00;0.00;0.00;0.00
 07/27  05:00:00;24.40;14.40;54.00;0.00;0.00;0.00
 07/27  06:00:00;24.40;15.00;56.00;42.00;202.00;24.00
 07/27  07:00:00;26.60;14.40;47.00;214.00;562.00;54.00
 07/27  08:00:00;29.40;15.60;43.00;425.00;725.00;80.00
 07/27  09:00:00;32.80;15.60;36.00;628.00;810.00;100.00
 07/27  10:00:00;33.90;16.10;35.00;797.00;858.00;115.00
 07/27  11:00:00;35.60;16.70;33.00;918.00;884.00;125.00
 07/27  12:00:00;36.70;16.70;31.00;982.00;897.00;130.00
 07/27  13:00:00;37.20;17.20;31.00;985.00;897.00;130.00
 07/27  14:00:00;38.90;17.80;29.00;883.00;781.00;177.00
 07/27  15:00:00;39.40;17.80;29.00;808.00;861.00;114.00
 07/27  16:00:00;40.00;15.60;24.00;644.00;815.00;102.00
 07/27  17:00:00;39.40;15.50;25.00;444.00;735.00;82.00
 07/27  18:00:00;39.40;13.30;21.00;231.00;582.00;57.00
 07/27  19:00:00;35.50;17.70;35.00;52.00;242.00;28.00
 07/27  20:00:00;32.70;13.30;31.00;0.00;1.00;0.00
 07/27  21:00:00;31.10;12.70;32.00;0.00;0.00;0.00
 07/27  22:00:00;28.80;13.80;40.00;0.00;0.00;0.00
 07/27  23:00:00;29.40;13.80;38.00;0.00;0.00;0.00
 07/27  24:00:00;29.40;13.30;37.00;0.00;0.00;0.00
 07/28  01:00:00;29.40;12.20;35.00;0.00;0.00;0.00
 07/28  02:00:00;28.20;13.60;41.00;0.00;0.00;0.00
 07/28  03:00:00;27.20;15.00;47.00;0.00;0.00;0.00
 07/28  04:00:00;25.00;14.40;52.00;0.00;0.00;0.00
 07/28  05:00:00;25.00;13.30;48.00;0.00;0.00;0.00
 07/28  06:00:00;25.00;13.80;50.00;43.00;225.00;23.00
 07/28  07:00:00;28.80;11.10;33.00;215.00;567.00;55.00
 07/28  08:00:00;30.00;12.80;35.00;403.00;681.00;79.00
 07/28  09:00:00;31.70;16.70;41.00;631.00;836.00;88.00
 07/28  10:00:00;33.30;17.20;38.00;800.00;880.00;101.00
 07/28  11:00:00;35.60;17.20;34.00;874.00;856.00;107.00
 07/28  12:00:00;37.20;16.10;29.00;983.00;917.00;112.00
 07/28  13:00:00;38.30;16.10;27.00;941.00;778.00;200.00
 07/28  14:00:00;38.90;17.20;28.00;696.00;483.00;260.00
 07/28  15:00:00;39.40;17.80;29.00;686.00;600.00;204.00
 07/28  16:00:00;40.60;17.80;27.00;546.00;550.00;181.00
 07/28  17:00:00;40.80;17.80;26.00;401.00;591.00;111.00
 07/28  18:00:00;40.60;17.80;27.00;216.00;525.00;59.00
 07/28  19:00:00;36.10;19.40;38.00;52.00;229.00;30.00
 07/28  20:00:00;31.60;19.40;48.00;0.00;3.00;0.00
 07/28  21:00:00;31.60;14.40;35.00;0.00;0.00;0.00
 07/28  22:00:00;30.20;13.50;36.00;0.00;0.00;0.00
 07/28  23:00:00;29.10;12.70;36.00;0.00;0.00;0.00
 07/28  24:00:00;27.70;12.00;38.00;0.00;0.00;0.00
 07/29  01:00:00;26.10;11.10;39.00;0.00;0.00;0.00
 07/29  02:00:00;25.00;13.30;48.00;0.00;0.00;0.00
 07/29  03:00:00;22.70;15.00;62.00;0.00;0.00;0.00
 07/29  04:00:00;21.10;15.50;70.00;0.00;0.00;0.00
 07/29  05:00:00;20.00;13.80;67.00;0.00;0.00;0.00
 07/29  06:00:00;21.10;13.30;61.00;37.00;152.00;24.00
 07/29  07:00:00;23.30;11.10;46.00;204.00;515.00;60.00
 07/29  08:00:00;25.00;12.20;45.00;416.00;690.00;89.00
 07/29  09:00:00;27.20;11.10;37.00;619.00;782.00;113.00
 07/29  10:00:00;28.90;10.60;32.00;788.00;833.00;128.00
 07/29  11:00:00;29.40;12.20;35.00;830.00;759.00;152.00
 07/29  12:00:00;31.70;13.30;33.00;943.00;843.00;143.00
 07/29  13:00:00;32.80;14.40;33.00;912.00;769.00;180.00
 07/29  14:00:00;33.30;12.80;29.00;881.00;731.00;223.00
 07/29  15:00:00;34.40;13.30;28.00;764.00;642.00;248.00
 07/29  16:00:00;34.40;12.20;26.00;581.00;564.00;208.00
 07/29  17:00:00;33.90;13.90;30.00;411.00;652.00;92.00
 07/29  18:00:00;32.70;13.80;32.00;214.00;442.00;84.00
 07/29  19:00:00;31.10;13.80;35.00;43.00;151.00;28.00
 07/29  20:00:00;26.60;15.50;51.00;0.00;0.00;0.00
 07/29  21:00:00;26.60;13.80;45.00;0.00;0.00;0.00
 07/29  22:00:00;26.10;13.80;47.00;0.00;0.00;0.00
 07/29  23:00:00;26.60;13.80;45.00;0.00;0.00;0.00
 07/29  24:00:00;25.00;14.40;52.00;0.00;0.00;0.00
 07/30  01:00:00;25.50;15.00;52.00;0.00;0.00;0.00
 07/30  02:00:00;24.40;13.30;50.00;0.00;0.00;0.00
 07/30  03:00:00;23.30;13.30;53.00;0.00;0.00;0.00
 07/30  04:00:00;22.70;13.80;57.00;0.00;0.00;0.00
 07/30  05:00:00;22.20;12.70;55.00;0.00;0.00;0.00
 07/30  06:00:00;22.70;12.20;51.00;32.00;69.00;26.00
 07/30  07:00:00;24.40;12.20;46.00;186.00;394.00;76.00
 07/30  08:00:00;26.70;12.20;41.00;395.00;589.00;117.00
 07/30  09:00:00;28.30;14.40;43.00;600.00;695.00;150.00
 07/30  10:00:00;30.60;11.10;30.00;772.00;757.00;174.00
 07/30  11:00:00;32.20;11.10;27.00;895.00;792.00;188.00
 07/30  12:00:00;33.30;14.40;32.00;961.00;808.00;196.00
 07/30  13:00:00;35.00;14.40;29.00;963.00;808.00;196.00
 07/30  14:00:00;35.60;13.30;26.00;903.00;794.00;189.00
 07/30  15:00:00;36.10;13.90;27.00;784.00;761.00;175.00
 07/30  16:00:00;36.10;15.00;29.00;616.00;702.00;152.00
 07/30  17:00:00;35.50;15.50;30.00;412.00;600.00;120.00
 07/30  18:00:00;35.00;15.00;30.00;202.00;415.00;80.00
 07/30  19:00:00;33.30;16.10;36.00;40.00;89.00;31.00
 07/30  20:00:00;28.80;16.60;48.00;0.00;0.00;0.00
 07/30  21:00:00;28.80;15.00;43.00;0.00;0.00;0.00
 07/30  22:00:00;29.40;15.00;42.00;0.00;0.00;0.00
 07/30  23:00:00;28.80;15.50;44.00;0.00;0.00;0.00
 07/30  24:00:00;28.30;15.50;46.00;0.00;0.00;0.00
 07/31  01:00:00;26.60;15.00;49.00;0.00;0.00;0.00
 07/31  02:00:00;23.80;14.40;56.00;0.00;0.00;0.00
 07/31  03:00:00;24.40;14.40;54.00;0.00;0.00;0.00
 07/31  04:00:00;25.00;15.00;54.00;0.00;0.00;0.00
 07/31  05:00:00;23.80;14.40;56.00;0.00;0.00;0.00
 07/31  06:00:00;25.00;14.40;52.00;36.00;101.00;28.00
 07/31  07:00:00;26.60;13.80;45.00;203.00;535.00;56.00
 07/31  08:00:00;28.80;15.00;43.00;422.00;755.00;67.00
 07/31  09:00:00;32.20;15.00;35.00;623.00;834.00;85.00
 07/31  10:00:00;33.90;15.60;33.00;791.00;878.00;98.00
 07/31  11:00:00;35.00;16.10;33.00;912.00;903.00;107.00
 07/31  12:00:00;37.20;15.60;28.00;976.00;914.00;111.00
 07/31  13:00:00;37.80;16.10;28.00;978.00;915.00;111.00
 07/31  14:00:00;38.30;16.10;27.00;857.00;734.00;197.00
 07/31  15:00:00;39.40;14.40;23.00;753.00;771.00;137.00
 07/31  16:00:00;40.00;16.10;25.00;557.00;584.00;172.00
 07/31  17:00:00;38.80;16.10;26.00;309.00;190.00;217.00
 07/31  18:00:00;37.20;16.10;29.00;225.00;493.00;81.00
 07/31  19:00:00;33.80;17.70;38.00;40.00;170.00;25.00
 07/31  20:00:00;28.80;16.10;46.00;0.00;0.00;0.00
 07/31  21:00:00;27.20;15.00;47.00;0.00;0.00;0.00
 07/31  22:00:00;26.00;14.30;44.00;0.00;0.00;0.00
 07/31  23:00:00;24.80;13.50;46.00;0.00;0.00;0.00
 07/31  24:00:00;23.60;12.80;52.00;0.00;0.00;0.00
 08/01  01:00:00;22.50;12.10;51.00;0.00;0.00;0.00
 08/01  02:00:00;21.30;11.40;55.00;0.00;0.00;0.00
 08/01  03:00:00;20.10;10.60;57.00;0.00;0.00;0.00
 08/01  04:00:00;18.90;9.90;56.00;0.00;0.00;0.00
 08/01  05:00:00;18.90;10.00;57.00;0.00;0.00;0.00
 08/01  06:00:00;19.40;11.70;61.00;45.00;218.00;23.00
 08/01  07:00:00;24.40;10.60;42.00;214.00;609.00;47.00
 08/01  08:00:00;27.20;11.10;37.00;430.00;769.00;68.00
 08/01  09:00:00;30.00;12.80;35.00;633.00;847.00;86.00
 08/01  10:00:00;32.80;12.80;30.00;803.00;892.00;99.00
 08/01  11:00:00;34.40;12.20;26.00;927.00;919.00;107.00
 08/01  12:00:00;36.70;12.20;23.00;990.00;928.00;111.00
 08/01  13:00:00;38.30;12.20;21.00;996.00;932.00;111.00
 08/01  14:00:00;39.40;11.10;18.00;939.00;924.00;107.00
 08/01  15:00:00;40.60;11.10;17.00;820.00;900.00;99.00
 08/01  16:00:00;40.00;10.00;16.00;654.00;860.00;87.00
 08/01  17:00:00;39.40;9.40;16.00;451.00;784.00;70.00
 08/01  18:00:00;37.80;11.70;21.00;232.00;628.00;49.00
 08/01  19:00:00;33.30;14.40;32.00;53.00;271.00;25.00
 08/01  20:00:00;30.00;9.40;28.00;0.00;0.00;0.00
 08/01  21:00:00;27.80;9.50;32.00;0.00;0.00;0.00
 08/01  22:00:00;27.20;9.00;32.00;0.00;0.00;0.00
 08/01  23:00:00;26.70;9.70;34.00;0.00;0.00;0.00
 08/01  24:00:00;25.60;9.90;37.00;0.00;0.00;0.00
 08/02  01:00:00;23.90;9.90;41.00;0.00;0.00;0.00
 08/02  02:00:00;25.00;10.70;41.00;0.00;0.00;0.00
 08/02  03:00:00;22.80;11.20;48.00;0.00;0.00;0.00
 08/02  04:00:00;22.80;11.30;48.00;0.00;0.00;0.00
 08/02  05:00:00;20.60;11.70;57.00;0.00;0.00;0.00
 08/02  06:00:00;21.10;11.10;53.00;46.00;263.00;20.00
 08/02  07:00:00;24.40;10.00;40.00;218.00;654.00;40.00
 08/02  08:00:00;27.80;10.00;33.00;434.00;803.00;58.00
 08/02  09:00:00;30.60;9.40;27.00;640.00;879.00;74.00
 08/02  10:00:00;32.80;10.60;26.00;809.00;917.00;85.00
 08/02  11:00:00;35.60;13.30;26.00;928.00;937.00;92.00
 08/02  12:00:00;37.20;13.90;25.00;990.00;944.00;96.00
 08/02  13:00:00;38.30;12.80;22.00;998.00;951.00;96.00
 08/02  14:00:00;39.40;13.30;21.00;937.00;939.00;93.00
 08/02  15:00:00;40.00;12.80;20.00;819.00;918.00;86.00
 08/02  16:00:00;40.00;13.30;20.00;653.00;878.00;75.00
 08/02  17:00:00;38.90;14.40;23.00;449.00;805.00;60.00
 08/02  18:00:00;37.80;15.00;26.00;234.00;663.00;42.00
 08/02  19:00:00;35.00;14.40;29.00;54.00;314.00;22.00
 08/02  20:00:00;31.10;13.90;35.00;0.00;0.00;0.00
 08/02  21:00:00;30.00;12.90;35.00;0.00;0.00;0.00
 08/02  22:00:00;28.90;11.10;33.00;0.00;0.00;0.00
 08/02  23:00:00;27.80;10.70;34.00;0.00;0.00;0.00
 08/02  24:00:00;28.90;9.70;30.00;0.00;0.00;0.00
 08/03  01:00:00;26.70;8.50;32.00;0.00;0.00;0.00
 08/03  02:00:00;24.40;8.20;36.00;0.00;0.00;0.00
 08/03  03:00:00;24.40;7.50;34.00;0.00;0.00;0.00
 08/03  04:00:00;25.60;6.30;29.00;0.00;0.00;0.00
 08/03  05:00:00;24.40;5.60;30.00;0.00;0.00;0.00
 08/03  06:00:00;24.40;7.20;33.00;38.00;124.00;25.00
 08/03  07:00:00;29.40;6.70;24.00;189.00;468.00;63.00
 08/03  08:00:00;33.30;8.90;22.00;393.00;680.00;76.00
 08/03  09:00:00;35.00;11.70;24.00;571.00;666.00;143.00
 08/03  10:00:00;36.10;12.80;25.00;716.00;711.00;156.00
 08/03  11:00:00;37.20;11.70;21.00;922.00;886.00;134.00
 08/03  12:00:00;38.30;11.70;20.00;980.00;895.00;135.00
 08/03  13:00:00;38.90;12.20;20.00;957.00;868.00;135.00
 08/03  14:00:00;39.40;12.80;20.00;921.00;882.00;130.00
 08/03  15:00:00;40.00;13.90;21.00;801.00;854.00;121.00
 08/03  16:00:00;40.00;13.90;21.00;590.00;696.00;133.00
 08/03  17:00:00;40.00;13.90;21.00;431.00;724.00;82.00
 08/03  18:00:00;38.90;12.80;21.00;200.00;368.00;95.00
 08/03  19:00:00;35.60;11.70;24.00;44.00;130.00;30.00
 08/03  20:00:00;31.10;10.60;28.00;0.00;0.00;0.00
 08/03  21:00:00;29.40;10.90;32.00;0.00;0.00;0.00
 08/03  22:00:00;28.30;10.40;33.00;0.00;0.00;0.00
 08/03  23:00:00;27.80;11.20;36.00;0.00;0.00;0.00
 08/03  24:00:00;28.30;11.60;35.00;0.00;0.00;0.00
 08/04  01:00:00;25.00;11.70;43.00;0.00;0.00;0.00
 08/04  02:00:00;24.40;12.60;48.00;0.00;0.00;0.00
 08/04  03:00:00;25.60;13.20;46.00;0.00;0.00;0.00
 08/04  04:00:00;22.80;13.30;55.00;0.00;0.00;0.00
 08/04  05:00:00;23.90;13.90;54.00;0.00;0.00;0.00
 08/04  06:00:00;23.30;14.40;58.00;38.00;122.00;25.00
 08/04  07:00:00;27.20;11.70;38.00;192.00;496.00;60.00
 08/04  08:00:00;30.00;11.70;32.00;408.00;693.00;87.00
 08/04  09:00:00;32.20;12.20;29.00;613.00;785.00;110.00
 08/04  10:00:00;34.40;13.90;29.00;788.00;842.00;127.00
 08/04  11:00:00;36.70;14.40;27.00;907.00;866.00;137.00
 08/04  12:00:00;38.30;12.20;21.00;979.00;886.00;143.00
 08/04  13:00:00;38.90;12.20;20.00;984.00;889.00;143.00
 08/04  14:00:00;39.40;14.40;23.00;917.00;870.00;138.00
 08/04  15:00:00;39.40;15.60;24.00;798.00;842.00;128.00
 08/04  16:00:00;40.00;15.60;24.00;629.00;790.00;112.00
 08/04  17:00:00;39.40;16.10;25.00;426.00;702.00;89.00
 08/04  18:00:00;38.30;16.10;27.00;211.00;528.00;61.00
 08/04  19:00:00;35.00;13.30;27.00;45.00;159.00;28.00
 08/04  20:00:00;31.10;10.60;28.00;0.00;0.00;0.00
 08/04  21:00:00;30.60;11.00;30.00;0.00;0.00;0.00
 08/04  22:00:00;30.00;10.70;30.00;0.00;0.00;0.00
 08/04  23:00:00;27.80;11.60;37.00;0.00;0.00;0.00
 08/04  24:00:00;26.10;12.10;42.00;0.00;0.00;0.00
 08/05  01:00:00;25.60;12.30;44.00;0.00;0.00;0.00
 08/05  02:00:00;26.10;13.30;45.00;0.00;0.00;0.00
 08/05  03:00:00;23.30;14.00;56.00;0.00;0.00;0.00
 08/05  04:00:00;24.40;14.30;53.00;0.00;0.00;0.00
 08/05  05:00:00;21.70;15.00;66.00;0.00;0.00;0.00
 08/05  06:00:00;23.90;11.10;45.00;44.00;215.00;22.00
 08/05  07:00:00;26.70;13.30;44.00;206.00;611.00;44.00
 08/05  08:00:00;30.60;13.30;35.00;398.00;725.00;64.00
 08/05  09:00:00;32.80;13.90;32.00;598.00;768.00;106.00
 08/05  10:00:00;36.70;10.60;21.00;728.00;810.00;93.00
 08/05  11:00:00;37.20;11.10;21.00;912.00;913.00;101.00
 08/05  12:00:00;39.40;13.90;22.00;977.00;925.00;105.00
 08/05  13:00:00;39.40;14.40;23.00;979.00;925.00;105.00
 08/05  14:00:00;40.00;16.10;25.00;916.00;911.00;102.00
 08/05  15:00:00;40.60;17.20;26.00;803.00;892.00;94.00
 08/05  16:00:00;40.00;18.30;28.00;634.00;846.00;82.00
 08/05  17:00:00;40.60;18.90;28.00;433.00;769.00;65.00
 08/05  18:00:00;38.90;17.20;28.00;221.00;624.00;45.00
 08/05  19:00:00;35.60;15.00;29.00;51.00;258.00;23.00
 08/05  20:00:00;31.10;13.90;35.00;0.00;0.00;0.00
 08/05  21:00:00;27.20;13.80;44.00;0.00;0.00;0.00
 08/05  22:00:00;27.80;13.10;40.00;0.00;0.00;0.00
 08/05  23:00:00;28.30;13.60;40.00;0.00;0.00;0.00
 08/05  24:00:00;27.20;13.60;43.00;0.00;0.00;0.00
 08/06  01:00:00;24.40;13.40;50.00;0.00;0.00;0.00
 08/06  02:00:00;22.80;14.00;58.00;0.00;0.00;0.00
 08/06  03:00:00;22.20;14.30;61.00;0.00;0.00;0.00
 08/06  04:00:00;23.90;14.20;55.00;0.00;0.00;0.00
 08/06  05:00:00;22.20;14.40;62.00;0.00;0.00;0.00
 08/06  06:00:00;25.00;13.90;50.00;33.00;60.00;27.00
 08/06  07:00:00;27.80;13.90;43.00;177.00;399.00;71.00
 08/06  08:00:00;28.90;15.00;43.00;387.00;603.00;110.00
 08/06  09:00:00;31.70;14.40;35.00;597.00;715.00;141.00
 08/06  10:00:00;35.00;13.90;28.00;772.00;778.00;164.00
 08/06  11:00:00;38.30;12.80;22.00;900.00;816.00;178.00
 08/06  12:00:00;38.90;13.30;22.00;966.00;831.00;185.00
 08/06  13:00:00;40.00;14.40;22.00;966.00;829.00;185.00
 08/06  14:00:00;41.10;16.10;23.00;903.00;812.00;179.00
 08/06  15:00:00;42.20;19.40;27.00;776.00;771.00;165.00
 08/06  16:00:00;41.70;18.90;27.00;607.00;713.00;143.00
 08/06  17:00:00;40.60;18.30;27.00;403.00;611.00;113.00
 08/06  18:00:00;38.90;17.80;29.00;191.00;417.00;74.00
 08/06  19:00:00;33.90;12.20;27.00;38.00;80.00;30.00
 08/06  20:00:00;31.10;10.00;27.00;0.00;0.00;0.00
 08/06  21:00:00;29.40;9.40;29.00;0.00;0.00;0.00
 08/06  22:00:00;28.90;8.10;27.00;0.00;0.00;0.00
 08/06  23:00:00;26.70;8.10;31.00;0.00;0.00;0.00
 08/06  24:00:00;25.00;7.50;33.00;0.00;0.00;0.00
 08/07  01:00:00;23.30;6.80;35.00;0.00;0.00;0.00
 08/07  02:00:00;25.60;6.90;30.00;0.00;0.00;0.00
 08/07  03:00:00;22.80;6.60;35.00;0.00;0.00;0.00
 08/07  04:00:00;23.90;5.90;31.00;0.00;0.00;0.00
 08/07  05:00:00;22.80;5.60;33.00;0.00;0.00;0.00
 08/07  06:00:00;22.80;6.70;36.00;38.00;154.00;23.00
 08/07  07:00:00;27.80;7.20;27.00;198.00;564.00;50.00
 08/07  08:00:00;30.00;7.20;24.00;415.00;743.00;75.00
 08/07  09:00:00;32.80;7.20;20.00;625.00;835.00;95.00
 08/07  10:00:00;35.00;8.30;19.00;798.00;882.00;109.00
 08/07  11:00:00;35.60;10.00;21.00;921.00;906.00;119.00
 08/07  12:00:00;35.60;10.60;22.00;985.00;918.00;123.00
 08/07  13:00:00;36.70;8.30;18.00;991.00;922.00;123.00
 08/07  14:00:00;37.80;8.30;17.00;929.00;910.00;119.00
 08/07  15:00:00;38.30;10.00;18.00;808.00;882.00;110.00
 08/07  16:00:00;38.30;10.00;18.00;636.00;834.00;96.00
 08/07  17:00:00;37.80;11.10;20.00;429.00;747.00;76.00
 08/07  18:00:00;36.70;10.60;21.00;212.00;577.00;52.00
 08/07  19:00:00;31.70;10.00;26.00;46.00;193.00;25.00
 08/07  20:00:00;28.90;6.10;24.00;0.00;0.00;0.00
 08/07  21:00:00;28.30;6.50;25.00;0.00;0.00;0.00
 08/07  22:00:00;27.20;6.20;26.00;0.00;0.00;0.00
 08/07  23:00:00;26.70;7.10;29.00;0.00;0.00;0.00
 08/07  24:00:00;23.90;7.60;35.00;0.00;0.00;0.00
 08/08  01:00:00;23.90;7.80;36.00;0.00;0.00;0.00
 08/08  02:00:00;21.70;8.90;44.00;0.00;0.00;0.00
 08/08  03:00:00;21.10;9.60;48.00;0.00;0.00;0.00
 08/08  04:00:00;18.90;9.90;56.00;0.00;0.00;0.00
 08/08  05:00:00;18.90;10.60;59.00;0.00;0.00;0.00
 08/08  06:00:00;20.00;11.10;57.00;32.00;59.00;26.00
 08/08  07:00:00;24.40;8.90;37.00;175.00;406.00;70.00
 08/08  08:00:00;27.20;10.60;35.00;387.00;612.00;108.00
 08/08  09:00:00;28.30;11.70;36.00;597.00;723.00;139.00
 08/08  10:00:00;30.00;15.60;42.00;767.00;779.00;161.00
 08/08  11:00:00;31.70;16.10;39.00;892.00;812.00;175.00
 08/08  12:00:00;33.30;15.60;34.00;959.00;829.00;182.00
 08/08  13:00:00;35.00;16.10;32.00;961.00;831.00;181.00
 08/08  14:00:00;36.10;15.60;29.00;902.00;818.00;175.00
 08/08  15:00:00;37.20;15.60;28.00;777.00;781.00;162.00
 08/08  16:00:00;37.20;15.60;28.00;606.00;722.00;140.00
 08/08  17:00:00;36.10;14.40;27.00;401.00;620.00;110.00
 08/08  18:00:00;35.00;13.30;27.00;188.00;421.00;73.00
 08/08  19:00:00;32.20;11.70;28.00;37.00;76.00;29.00
 08/08  20:00:00;27.20;11.70;38.00;0.00;0.00;0.00
 08/08  21:00:00;27.80;11.60;37.00;0.00;0.00;0.00
 08/08  22:00:00;26.70;10.90;37.00;0.00;0.00;0.00
 08/08  23:00:00;24.40;11.40;44.00;0.00;0.00;0.00
 08/08  24:00:00;24.40;11.40;44.00;0.00;0.00;0.00
 08/09  01:00:00;23.30;11.20;46.00;0.00;0.00;0.00
 08/09  02:00:00;24.40;11.80;45.00;0.00;0.00;0.00
 08/09  03:00:00;22.20;12.10;53.00;0.00;0.00;0.00
 08/09  04:00:00;19.40;12.00;62.00;0.00;0.00;0.00
 08/09  05:00:00;18.90;12.20;65.00;0.00;0.00;0.00
 08/09  06:00:00;21.10;11.10;53.00;34.00;102.00;24.00
 08/09  07:00:00;25.00;9.40;37.00;185.00;496.00;57.00
 08/09  08:00:00;26.10;11.70;41.00;399.00;688.00;87.00
 08/09  09:00:00;26.70;13.90;45.00;606.00;783.00;111.00
 08/09  10:00:00;28.90;13.90;40.00;780.00;838.00;128.00
 08/09  11:00:00;31.10;16.10;40.00;902.00;866.00;138.00
 08/09  12:00:00;33.30;17.20;38.00;964.00;876.00;144.00
 08/09  13:00:00;35.00;16.70;34.00;966.00;876.00;144.00
 08/09  14:00:00;36.70;15.60;28.00;908.00;867.00;139.00
 08/09  15:00:00;37.20;16.10;29.00;786.00;836.00;128.00
 08/09  16:00:00;35.00;15.60;31.00;618.00;786.00;112.00
 08/09  17:00:00;37.20;14.40;26.00;412.00;693.00;88.00
 08/09  18:00:00;36.10;14.40;27.00;197.00;508.00;60.00
 08/09  19:00:00;32.80;16.10;37.00;41.00;130.00;27.00
 08/09  20:00:00;30.00;14.40;39.00;0.00;0.00;0.00
 08/09  21:00:00;28.30;14.00;42.00;0.00;0.00;0.00
 08/09  22:00:00;27.20;13.00;41.00;0.00;0.00;0.00
 08/09  23:00:00;26.10;13.20;45.00;0.00;0.00;0.00
 08/09  24:00:00;26.10;12.90;44.00;0.00;0.00;0.00
 08/10  01:00:00;23.90;12.40;49.00;0.00;0.00;0.00
 08/10  02:00:00;21.70;12.70;57.00;0.00;0.00;0.00
 08/10  03:00:00;20.60;12.70;61.00;0.00;0.00;0.00
 08/10  04:00:00;20.00;12.30;61.00;0.00;0.00;0.00
 08/10  05:00:00;18.90;12.20;65.00;0.00;0.00;0.00
 08/10  06:00:00;21.10;11.10;53.00;37.00;159.00;21.00
 08/10  07:00:00;22.80;12.20;52.00;191.00;561.00;48.00
 08/10  08:00:00;24.40;15.60;58.00;403.00;736.00;71.00
 08/10  09:00:00;26.70;15.60;51.00;609.00;822.00;91.00
 08/10  10:00:00;27.80;16.70;51.00;778.00;867.00;105.00
 08/10  11:00:00;30.60;15.60;40.00;903.00;896.00;114.00
 08/10  12:00:00;31.70;16.70;41.00;966.00;907.00;119.00
 08/10  13:00:00;32.80;17.20;39.00;908.00;867.00;96.00
 08/10  14:00:00;35.00;16.70;34.00;851.00;858.00;93.00
 08/10  15:00:00;36.10;14.40;27.00;776.00;884.00;84.00
 08/10  16:00:00;35.60;17.20;34.00;593.00;792.00;86.00
 08/10  17:00:00;36.10;14.40;27.00;420.00;754.00;70.00
 08/10  18:00:00;35.00;14.40;29.00;203.00;578.00;48.00
 08/10  19:00:00;31.70;15.00;36.00;43.00;187.00;23.00
 08/10  20:00:00;29.40;15.60;43.00;0.00;0.00;0.00
 08/10  21:00:00;27.80;15.20;46.00;0.00;0.00;0.00
 08/10  22:00:00;27.80;14.10;43.00;0.00;0.00;0.00
 08/10  23:00:00;26.70;14.20;46.00;0.00;0.00;0.00
 08/10  24:00:00;26.10;13.90;47.00;0.00;0.00;0.00
 08/11  01:00:00;24.40;13.30;50.00;0.00;0.00;0.00
 08/11  02:00:00;22.20;13.50;58.00;0.00;0.00;0.00
 08/11  03:00:00;21.70;13.40;59.00;0.00;0.00;0.00
 08/11  04:00:00;20.60;12.90;61.00;0.00;0.00;0.00
 08/11  05:00:00;18.90;12.80;68.00;0.00;0.00;0.00
 08/11  06:00:00;19.40;12.80;66.00;35.00;84.00;26.00
 08/11  07:00:00;22.20;12.80;55.00;171.00;460.00;55.00
 08/11  08:00:00;23.90;14.40;56.00;401.00;744.00;66.00
 08/11  09:00:00;26.70;14.40;47.00;607.00;831.00;85.00
 08/11  10:00:00;29.40;14.40;40.00;700.00;797.00;82.00
 08/11  11:00:00;31.10;15.00;38.00;894.00;897.00;106.00
 08/11  12:00:00;32.80;16.10;37.00;963.00;914.00;111.00
 08/11  13:00:00;34.40;17.20;36.00;959.00;908.00;111.00
 08/11  14:00:00;36.70;16.10;30.00;902.00;901.00;107.00
 08/11  15:00:00;36.70;15.00;27.00;791.00;886.00;99.00
 08/11  16:00:00;36.70;15.60;28.00;618.00;834.00;86.00
 08/11  17:00:00;35.60;16.10;31.00;417.00;757.00;68.00
 08/11  18:00:00;35.00;14.40;29.00;203.00;591.00;46.00
 08/11  19:00:00;32.20;14.40;34.00;43.00;193.00;22.00
 08/11  20:00:00;29.40;16.10;45.00;0.00;0.00;0.00
 08/11  21:00:00;28.30;15.50;46.00;0.00;0.00;0.00
 08/11  22:00:00;27.80;14.20;43.00;0.00;0.00;0.00
 08/11  23:00:00;25.00;14.20;51.00;0.00;0.00;0.00
 08/11  24:00:00;25.00;13.60;49.00;0.00;0.00;0.00
 08/12  01:00:00;23.30;12.90;52.00;0.00;0.00;0.00
 08/12  02:00:00;21.10;13.00;60.00;0.00;0.00;0.00
 08/12  03:00:00;20.00;12.70;63.00;0.00;0.00;0.00
 08/12  04:00:00;19.40;12.00;62.00;0.00;0.00;0.00
 08/12  05:00:00;18.30;11.70;65.00;0.00;0.00;0.00
 08/12  06:00:00;20.00;12.20;61.00;26.00;49.00;21.00
 08/12  07:00:00;22.80;11.70;50.00;154.00;310.00;76.00
 08/12  08:00:00;25.60;11.70;42.00;339.00;397.00;161.00
 08/12  09:00:00;27.20;12.80;41.00;564.00;593.00;192.00
 08/12  10:00:00;28.90;14.40;41.00;585.00;385.00;287.00
 08/12  11:00:00;28.30;15.00;44.00;502.00;200.00;326.00
 08/12  12:00:00;31.70;15.60;38.00;824.00;474.00;382.00
 08/12  13:00:00;33.30;16.10;36.00;823.00;564.00;296.00
 08/12  14:00:00;33.90;16.10;35.00;787.00;600.00;258.00
 08/12  15:00:00;32.80;15.60;35.00;583.00;474.00;214.00
 08/12  16:00:00;33.90;16.70;36.00;573.00;627.00;174.00
 08/12  17:00:00;33.90;16.70;36.00;391.00;662.00;87.00
 08/12  18:00:00;32.80;16.10;37.00;174.00;423.00;63.00
 08/12  19:00:00;30.60;16.70;43.00;37.00;115.00;25.00
 08/12  20:00:00;28.30;12.20;37.00;0.00;0.00;0.00
 08/12  21:00:00;26.10;11.80;41.00;0.00;0.00;0.00
 08/12  22:00:00;25.00;10.70;41.00;0.00;0.00;0.00
 08/12  23:00:00;23.90;10.80;44.00;0.00;0.00;0.00
 08/12  24:00:00;22.80;10.50;46.00;0.00;0.00;0.00
 08/13  01:00:00;21.10;9.90;49.00;0.00;0.00;0.00
 08/13  02:00:00;20.60;10.10;51.00;0.00;0.00;0.00
 08/13  03:00:00;18.90;10.00;56.00;0.00;0.00;0.00
 08/13  04:00:00;17.80;9.50;58.00;0.00;0.00;0.00
 08/13  05:00:00;18.90;9.40;55.00;0.00;0.00;0.00
 08/13  06:00:00;19.40;10.00;55.00;30.00;48.00;24.00
 08/13  07:00:00;21.70;10.60;49.00;164.00;387.00;68.00
 08/13  08:00:00;22.80;12.80;53.00;377.00;611.00;104.00
 08/13  09:00:00;25.60;12.80;45.00;583.00;716.00;135.00
 08/13  10:00:00;28.30;13.90;41.00;761.00;784.00;157.00
 08/13  11:00:00;28.90;14.40;41.00;886.00;818.00;170.00
 08/13  12:00:00;31.10;13.30;34.00;955.00;836.00;177.00
 08/13  13:00:00;32.20;13.30;32.00;955.00;837.00;177.00
 08/13  14:00:00;33.30;14.40;32.00;893.00;822.00;171.00
 08/13  15:00:00;33.90;14.40;31.00;769.00;787.00;157.00
 08/13  16:00:00;33.30;15.60;34.00;595.00;725.00;136.00
 08/13  17:00:00;33.30;16.70;37.00;385.00;614.00;106.00
 08/13  18:00:00;31.10;15.60;39.00;173.00;406.00;68.00
 08/13  19:00:00;27.80;15.00;46.00;33.00;62.00;27.00
 08/13  20:00:00;26.10;11.10;39.00;0.00;0.00;0.00
 08/13  21:00:00;24.40;11.10;43.00;0.00;0.00;0.00
 08/13  22:00:00;23.30;10.30;44.00;0.00;0.00;0.00
 08/13  23:00:00;22.20;10.80;48.00;0.00;0.00;0.00
 08/13  24:00:00;21.10;10.90;52.00;0.00;0.00;0.00
 08/14  01:00:00;19.40;10.70;57.00;0.00;0.00;0.00
 08/14  02:00:00;17.80;11.30;66.00;0.00;0.00;0.00
 08/14  03:00:00;17.80;11.60;67.00;0.00;0.00;0.00
 08/14  04:00:00;17.20;11.40;69.00;0.00;0.00;0.00
 08/14  05:00:00;16.70;11.70;73.00;0.00;0.00;0.00
 08/14  06:00:00;17.20;12.20;73.00;27.00;31.00;24.00
 08/14  07:00:00;19.40;12.80;66.00;156.00;344.00;72.00
 08/14  08:00:00;21.70;13.30;59.00;367.00;566.00;115.00
 08/14  09:00:00;23.90;13.30;52.00;578.00;687.00;150.00
 08/14  10:00:00;24.40;13.90;52.00;754.00;752.00;175.00
 08/14  11:00:00;26.10;13.90;47.00;881.00;791.00;190.00
 08/14  12:00:00;26.10;13.90;47.00;947.00;807.00;198.00
 08/14  13:00:00;27.20;13.30;42.00;949.00;808.00;199.00
 08/14  14:00:00;28.90;12.20;36.00;887.00;794.00;191.00
 08/14  15:00:00;28.90;11.10;33.00;765.00;760.00;176.00
 08/14  16:00:00;29.40;9.40;29.00;589.00;694.00;151.00
 08/14  17:00:00;28.30;8.90;30.00;379.00;580.00;116.00
 08/14  18:00:00;26.70;9.40;34.00;165.00;359.00;74.00
 08/14  19:00:00;23.30;10.60;45.00;30.00;38.00;26.00
 08/14  20:00:00;21.10;10.60;51.00;0.00;0.00;0.00
 08/14  21:00:00;19.40;10.50;56.00;0.00;0.00;0.00
 08/14  22:00:00;18.90;9.70;55.00;0.00;0.00;0.00
 08/14  23:00:00;17.80;10.10;61.00;0.00;0.00;0.00
 08/14  24:00:00;16.70;10.10;65.00;0.00;0.00;0.00
 08/15  01:00:00;15.00;9.80;71.00;0.00;0.00;0.00
 08/15  02:00:00;14.40;10.40;77.00;0.00;0.00;0.00
 08/15  03:00:00;14.40;10.60;78.00;0.00;0.00;0.00
 08/15  04:00:00;13.90;10.40;79.00;0.00;0.00;0.00
 08/15  05:00:00;13.90;10.60;81.00;0.00;0.00;0.00
 08/15  06:00:00;13.90;10.60;81.00;29.00;72.00;21.00
 08/15  07:00:00;17.80;11.10;65.00;169.00;459.00;58.00
 08/15  08:00:00;19.40;11.10;59.00;384.00;669.00;88.00
 08/15  09:00:00;20.60;11.10;55.00;594.00;772.00;114.00
 08/15  10:00:00;21.70;11.70;53.00;770.00;831.00;132.00
 08/15  11:00:00;22.80;11.70;50.00;896.00;863.00;144.00
 08/15  12:00:00;23.90;11.70;46.00;962.00;877.00;150.00
 08/15  13:00:00;26.10;12.20;42.00;962.00;876.00;150.00
 08/15  14:00:00;26.70;12.20;41.00;898.00;863.00;144.00
 08/15  15:00:00;27.20;12.20;39.00;776.00;833.00;133.00
 08/15  16:00:00;27.80;12.80;40.00;600.00;774.00;115.00
 08/15  17:00:00;27.20;12.20;39.00;391.00;672.00;89.00
 08/15  18:00:00;26.70;12.20;41.00;176.00;468.00;59.00
 08/15  19:00:00;24.40;12.80;48.00;33.00;87.00;24.00
 08/15  20:00:00;21.70;11.70;53.00;0.00;0.00;0.00
 08/15  21:00:00;21.10;11.60;55.00;0.00;0.00;0.00
 08/15  22:00:00;20.60;10.80;53.00;0.00;0.00;0.00
 08/15  23:00:00;18.90;11.20;61.00;0.00;0.00;0.00
 08/15  24:00:00;20.60;11.20;55.00;0.00;0.00;0.00
 08/16  01:00:00;20.60;10.90;54.00;0.00;0.00;0.00
 08/16  02:00:00;18.90;11.50;62.00;0.00;0.00;0.00
 08/16  03:00:00;16.70;11.70;72.00;0.00;0.00;0.00
 08/16  04:00:00;18.30;11.50;65.00;0.00;0.00;0.00
 08/16  05:00:00;16.70;11.70;73.00;0.00;0.00;0.00
 08/16  06:00:00;16.10;10.60;70.00;26.00;25.00;23.00
 08/16  07:00:00;20.60;11.70;57.00;151.00;322.00;73.00
 08/16  08:00:00;22.80;11.70;50.00;361.00;553.00;118.00
 08/16  09:00:00;25.00;12.80;47.00;572.00;674.00;154.00
 08/16  10:00:00;26.70;13.30;44.00;749.00;743.00;180.00
 08/16  11:00:00;28.90;13.90;40.00;875.00;779.00;197.00
 08/16  12:00:00;30.00;14.40;39.00;942.00;798.00;205.00
 08/16  13:00:00;31.10;12.20;31.00;946.00;801.00;205.00
 08/16  14:00:00;31.70;15.00;36.00;876.00;778.00;197.00
 08/16  15:00:00;32.20;14.40;34.00;751.00;741.00;181.00
 08/16  16:00:00;32.80;14.40;33.00;576.00;674.00;155.00
 08/16  17:00:00;32.80;13.90;32.00;365.00;552.00;119.00
 08/16  18:00:00;31.70;14.40;35.00;156.00;330.00;74.00
 08/16  19:00:00;28.30;15.00;44.00;27.00;28.00;24.00
 08/16  20:00:00;26.10;13.90;47.00;0.00;0.00;0.00
 08/16  21:00:00;23.90;13.70;53.00;0.00;0.00;0.00
 08/16  22:00:00;23.90;12.80;50.00;0.00;0.00;0.00
 08/16  23:00:00;22.20;13.20;57.00;0.00;0.00;0.00
 08/16  24:00:00;22.20;13.10;56.00;0.00;0.00;0.00
 08/17  01:00:00;20.00;12.80;63.00;0.00;0.00;0.00
 08/17  02:00:00;21.10;13.30;61.00;0.00;0.00;0.00
 08/17  03:00:00;19.40;13.40;68.00;0.00;0.00;0.00
 08/17  04:00:00;18.90;13.20;69.00;0.00;0.00;0.00
 08/17  05:00:00;19.40;13.30;68.00;0.00;0.00;0.00
 08/17  06:00:00;19.40;13.90;70.00;24.00;15.00;22.00
 08/17  07:00:00;23.90;13.90;54.00;143.00;281.00;76.00
 08/17  08:00:00;27.20;13.90;44.00;350.00;512.00;126.00
 08/17  09:00:00;28.30;14.40;43.00;560.00;636.00;167.00
 08/17  10:00:00;31.10;15.60;39.00;737.00;708.00;196.00
 08/17  11:00:00;31.70;15.60;38.00;866.00;751.00;214.00
 08/17  12:00:00;32.80;16.10;37.00;932.00;769.00;223.00
 08/17  13:00:00;33.90;16.70;36.00;930.00;768.00;223.00
 08/17  14:00:00;35.00;16.10;32.00;867.00;751.00;214.00
 08/17  15:00:00;35.60;15.60;30.00;742.00;712.00;196.00
 08/17  16:00:00;35.60;15.60;30.00;564.00;638.00;168.00
 08/17  17:00:00;35.00;15.00;30.00;355.00;514.00;127.00
 08/17  18:00:00;33.90;15.00;32.00;147.00;287.00;77.00
 08/17  19:00:00;30.60;15.60;40.00;26.00;19.00;24.00
 08/17  20:00:00;27.80;13.30;41.00;0.00;0.00;0.00
 08/17  21:00:00;25.60;13.10;46.00;0.00;0.00;0.00
 08/17  22:00:00;25.60;12.30;44.00;0.00;0.00;0.00
 08/17  23:00:00;25.00;12.70;46.00;0.00;0.00;0.00
 08/17  24:00:00;23.30;12.60;51.00;0.00;0.00;0.00